epoch,step,lr,train_loss,val_loss,gen_gap,val_ppl,val_bpc,train_top1,val_top1,wall_time_min,peak_mem_mb
1,5485,0.000593092762588566,0.7036380895972252,0.7086953149614259,0.005057225364200724,2.03133927106345,1.0224312163960911,0.7766586303710937,0.7756637518238256,8.063634089628856,3324.14892578125
2,10970,0.0005601034436776601,0.6496085876226425,0.6569672290476835,0.007358641425040946,1.9289334412426797,0.9478033633736567,0.7927462768554687,0.7910892708988957,15.399729963143667,3324.14892578125
3,16455,0.0005031880370680785,0.6220301601290703,0.6310913801165954,0.009061219987525071,1.8796608847450669,0.910472404441984,0.80122314453125,0.7990222417319907,19.388525533676148,3324.14892578125
4,21940,0.00042826458982674976,0.60255255818367,0.6134353776460191,0.010882819462349036,1.8467648483347008,0.8850001772357602,0.8071249389648437,0.8045757459804315,23.38016405502955,3324.14892578125
5,27425,0.00034312361973442564,0.5883350244164467,0.6010662013062789,0.012731176889832163,1.8240625818827252,0.8671552278705359,0.811402587890625,0.8082790506808949,27.403767903645832,3324.14892578125
6,32910,0.00025661805956178185,0.5736412835121155,0.5882732361706865,0.01463195265857098,1.800876041394424,0.8486988805111514,0.8156460571289063,0.8119225669808892,31.413435975710552,3324.14892578125
7,38395,0.00017774273175055945,0.5609713393449783,0.5773675986733775,0.016396259328399165,1.781343043598656,0.832965371376051,0.8196615600585937,0.8154503061166104,35.413230840365095,3324.14892578125
8,43880,0.00011469906944887214,0.5493498599529266,0.5676900607678644,0.018340200814937813,1.7641871759450853,0.8190036354317524,0.8230517578125,0.8183779261672484,39.43829179604848,3324.14892578125
9,49365,7.404233392951033e-05,0.5418947222828865,0.5620839830570883,0.0201892607742018,1.754324676339948,0.8109157749195774,0.8253668212890625,0.8202160562811123,43.410458016395566,3324.14892578125
10,54850,6.00000004706831e-05,0.5370027813315391,0.5585911262735879,0.021588344942048754,1.7482077604681683,0.805876647759486,0.82673095703125,0.821217595804486,47.36674464941025,3324.14892578125
