bucket,test_index,true_label,predicted_label,predicted_prob_positive,confidence,n_tokens,truncated,oov_rate,has_negation,shouty,exclamations,length_bucket,review_text,suggested_error_type,proposed_testable_fix
confident false positive,29330,0,1,0.9997164607048035,0.9997164607048035,18,False,0.0,False,False,2,short,"Wow love the place and everything is very clean and new!\n\nGreat place to come and relax worth a try!\n\nCheers,\n\nEric Van Nguyen\nVisited April 2012","insufficient evidence — very short review, little lexical signal",Check whether accuracy on the shortest length decile improves when the classifier abstains below a confidence floor.
confident false positive,11429,0,1,0.9994146823883057,0.9994146823883057,4,False,0.0,False,False,0,short,Yay. Cafeteria food. Yay.,"insufficient evidence — very short review, little lexical signal",Check whether accuracy on the shortest length decile improves when the classifier abstains below a confidence floor.
confident false positive,7661,0,1,0.9991346001625061,0.9991346001625061,24,False,0.041666666666666664,False,False,0,short,"My wife is pregnant and we were on our babymoon in Vegas for a week. We had a great time and I thoroughly enjoyed the food, but I need to give this a 1 start given that if we had eaten a week later, this salmonella outbreak could have caused immeasurable harm to our child.",mixed sentiment — review contains both praise and complaint,"Label a 50-review mixed-sentiment probe set by hand and measure accuracy on it separately; if it is far below overall accuracy, the single-logit framing is the limit, not the architecture."
confident false positive,37451,0,1,0.9990405440330505,0.9990405440330505,39,False,0.02564102564102564,True,False,0,medium,"Decor and atmosphere really good. Actually a bit upscale for its Eastowne Mall location. Food was good, but not inexpensive. See photo. Ordered ribs and the walleye. Walleye  was tasty and prepared well. Was it worth $20. No, more in the area of $12-14. Service was avg.  Free wi-fi. Too early to tell how this place will fare with lower cost alternatives within earshot.",negation scope — polarity word present but negated nearby,Add an explicit negation-marking pass (prefix the next 3 tokens after a negation with NOT_) and re-train; a bag-of-words model cannot see scope.
confident false positive,12480,0,1,0.9990083575248718,0.9990083575248718,11,False,0.0,False,False,1,short,"my husband had an omelette that was good. i had a blt, a little on the small side for $10, but bacon was great. Our server was awesome!","insufficient evidence — very short review, little lexical signal",Check whether accuracy on the shortest length decile improves when the classifier abstains below a confidence floor.
confident false negative,21780,1,0,0.00019469205290079117,0.9998053312301636,434,True,0.012,True,False,0,long,"I guess being a Casino Guest at another hotel you get spoiled with exceptional service by your host and how your treated accordingly.  With that said referred to a new host from a friend of mine as myself and 7 friends headed to Las Vegas for a 4 night stay and 3 days of top shelf golf, food, fun etc.  I will as I get time detail each restaurant and golf course individually.  This is simply the Aria and its set up.  My New Host Nicole Houng was arrainged and she set up King Sized rooms 3 non smoking and 1 smoking for the gamblers in the group. The other 4 guys set up their rooms on their own.   All Rooms confirmed via email and very specific regarding type of room set up. If you recall my last trip outside the Mandalay Bay or Bellagio the Cosmopolitan was a complete phuck up.  This I hoped would go smoother.\n\nWe all arrived fairly late in the evening approximately 10-11PM Local time.  on Wednesday evening. Upon check in we were told only the 1 Smoking bed king was available and all others would be queen beds only for night one. Reading the reviews from other clients it appears this is the # 1 complaint. Either they don't have enough kings or they simply do not honor reservations.  Being from a casino reservation you would expect the king beds to be saved but alas it was not to be.  I had a short an animated conversation with front desk manager Ron Miller and told him this would not happen at the Mandalay Bay.  His Response and I quote \"""" If you would like for us to take you over to the Mandalay Bay we will be happy to\"""".   I literally was about to jump over the counter and smack the guy I was so pissed off with the complete and utter disrespect he seemed to sense it and backed off. Bottom line NO KING BEDS a bad start.\n\nCheck in and the queens and rooms are  pretty dam special. Every modern accoutrement and electronic set up including an I pad to control, lights, temperature, wake up calls, windows etc.  Beds for my taste entirely TOO SOFT. Heavenly mattress and linens but I need firm bed.  Bathroom handsomely appointed with tub and separate shower and toilet.   Twin sinks but the power outlets sat in the middle directly behind all their soap shampoo set up and it was difficult to plug things in without knocking everything over.  All and all rooms pretty impressive king or not.  Unlike many hotels, elevators plentiful with good security checking room keys.  \n\nStep back now as upon check in I sent a quick email off to Nicole (Casino Host) and relayed the evenings spectacle at the front desk.  She was IRATE that we would be treated that way. Mind you I'm on a 100% comp room while the other boys are new casino rate guests.   Nicole went up and beyond at this point first by comping the rooms for the other 3 guests on a casino rate for the 1st night.  She had valets move all the luggage and clothes and toiletries the next day to anyone who wanted king rooms.  Sent us all 8 a Complimentary buffet pass for the next morning and the 4 from the casino received a bottle of champagne, chocolate covered strawberries and pastries Thursday night.  Let me tell you something, I've been around customer service all my life and this lady gets it.  Thank you Nicole our stay was nothing short of outstanding and anyone I'm sending to Vegas will be heading your way. \n\nI'll review the restaurants separately.  Bottom line is Casino was spacious and never Smokey. Never made it to the pool but looked nice.  Transportation and bell person service was easy and quick.  Spacious promenade level with multiple dining options casual and formal.   All and All a pretty impressive hotel that understands customer service.  \n\nOne small caveat that needs to be mentioned. Playing Craps the last night I walked over to the table with a bag in my hand had a golf shirt in it \""""Gift\"""".  Stan the boxman stated don't forget your bag when you leave ok.  Played craps did very well and at one point a die hit off the dealers chest back into play and the stickman called no roll.  WAIT it was a winner 10 about 1K payoff to me and my 5 friends Playing.  Before we could even start the uproar Stan said PAY THEM.   That's star #1.  Then after we all did fairly well, we went to the cage and I of course left my bag under the table.  10 minutes later Stan runs me down and finds me to hand me the bag.    Again up and above and beyond the call of duty. Super service and then some.\nGreat Experience and will definitely stay here again.",truncation — verdict may fall outside the first max_len tokens,"Re-score this review with max_len raised to cover its full length; if the prediction flips, raise max_len or switch to last-n truncation."
confident false negative,22807,1,0,0.00025177301722578704,0.9997482299804688,48,False,0.0,True,False,0,medium,"EDIT: They really did change the service up since I last posted this.\n\nHorrible service.\n\nUsed to be my favorite pizza in the city (at a reasonable price), but I'm rethinking that. We just had an altercation with a server who refused to split a check when we were paying with cash. He then proceeded to disrespect the party at the table, telling us to 'not give him attitude about it.'\n\nSorry Bella Notte, but we're not children. I don't care if you're working hard - it doesn't give you any excuse to disrespect your paying customers like that.",negation scope — polarity word present but negated nearby,Add an explicit negation-marking pass (prefix the next 3 tokens after a negation with NOT_) and re-train; a bag-of-words model cannot see scope.
confident false negative,30793,1,0,0.0004852356214541942,0.9995147585868835,47,False,0.0,True,False,0,medium,"This place is so much better since they changed owners.\n\nMy wife and I went when it was the old owners, it was terrible.  We waited forever and the food never came before we walked out.  People were served before us that walked in after and my wife actually got her soup before me and I sat and waited while they \""""made more\"""".\n\nIt was horrible.\n\nNow its much better.  The staff are very friendly, they treat their customers very well and I have nothing but positive things to now say about this place.  Its much better with the new owners.",negation scope — polarity word present but negated nearby,Add an explicit negation-marking pass (prefix the next 3 tokens after a negation with NOT_) and re-train; a bag-of-words model cannot see scope.
confident false negative,26683,1,0,0.0005241897306405008,0.9994758367538452,13,False,0.0,True,False,0,short,"I've just been forced to concede that, despite still not digging their ordering process, their food is just too good to disrespect with a 2 star review.",negation scope — polarity word present but negated nearby,Add an explicit negation-marking pass (prefix the next 3 tokens after a negation with NOT_) and re-train; a bag-of-words model cannot see scope.
confident false negative,2285,1,0,0.000583628483582288,0.9994163513183594,28,False,0.0,True,False,2,short,Someone deleted my review.. intentionally. That is very rude and disrespectful. Don't be silly guys..\nI like this place and new owner is very nice and friendly. I really liked the chicken yakisoba and now they have more sushi stuffs too!! I cant wait to try them all. :) Good price and service :),negation scope — polarity word present but negated nearby,Add an explicit negation-marking pass (prefix the next 3 tokens after a negation with NOT_) and re-train; a bag-of-words model cannot see scope.
near-threshold error,29444,0,1,0.5002530217170715,0.5002530217170715,12,False,0.0,True,False,0,short,"Not sure how we spent $70 on 5 slices of pizza, 3 strombolis and 2 sodas. Pizza was good, but the strombolis were pouring grease.",negation scope — polarity word present but negated nearby,Add an explicit negation-marking pass (prefix the next 3 tokens after a negation with NOT_) and re-train; a bag-of-words model cannot see scope.
near-threshold error,20245,1,0,0.49962595105171204,0.5003740787506104,166,False,0.006024096385542169,True,False,1,long,"My wife and I were heading to Charlotte for the Carolina Rebellion and as SPG members we called ahead and booked a room here. When we got to our room we were surprised. We got a suite so we had a living room and dinning area that were separate from the bedroom and bathroom. The bed is a king size and very comfy. This is easily one of the nicest Sheraton owned hotels I have stayed at.\n\nThe kitchenette has a one cup coffee pot, microwave, small fridge, cabinets and a two seat table. \n\nThe living room area has a desk, sofa with side tables, coffee table, chair & TV.\n\nThe bathroom is very small as with just a toilet and the shower. The shower does have the curved shower rod so the curtain isn't right on top of you when you shower. The sink is outside of the bathroom and the counter top is fairly spacious. \n\nI have few complaints with this place but the ones I do have are as follows:\n\nThe coffee tasted like cardboard. When I opened the pack it smelled great and as it was brewing it smelled nice but the taste was just cardboard. I am not sure if it is the coffee itself or just the cups it brews into but either way, not good. At least they have real half and half and not the powdered crap.\n\nThe soap. They did not give us new soaps when they cleaned the room, we had to go to the desk for some.\n\nWe called for a late checkout and again the following morning room room service was knocking on my door because the dude that was working the night before did not put us in for it. WTF? What is so hard about that? \n\nAll in all, if that is all I have to bitch about, not bad! If I come to Charlotte again I would have no problems staying here again. On a more positive note, some of the employees like Alex are very friendly & have no problems recommending some things to do in the area.",mixed sentiment — review contains both praise and complaint,"Label a 50-review mixed-sentiment probe set by hand and measure accuracy on it separately; if it is far below overall accuracy, the single-logit framing is the limit, not the architecture."
near-threshold error,30558,0,1,0.5006350874900818,0.5006350874900818,103,False,0.0,True,False,4,long,"Styled like Dos Gringos with bright colors and the whole random stuff stuck to different surfaces - you walk in and get in the cattle drive line with a perfect view of the menu plastered to the wall. Great, easy enough. Their menu has all the basics, and the main reason to visit, SUPER CHEAP BEER!!!! \n\nOur visit we had to wait 15 long minutes because the girl taking orders and pouring beer broke a glass into the rest of the glasses, having to cease all beer orders for what felt like forever.  I get it, shit happens, you drop stuff, but hello attitude. I even gave her a tip because I felt bad and tried to laugh it off with her, but to no avail. They never brought the beer over once it was all situated and had to hunt down someone to give us our much needed Friday fix. The food was \""""eh\"""" - not a fan of the sauce on the shrimp tacos. Overall, I would go just to drink cheap beer - just don't make the girl behind the counter angry - then you'll never see your beer.",punctuation signal stripped — emphatic punctuation removed in cleaning,"Retain exclamation count as a numeric feature and re-train; if the slice error rate drops, punctuation removal was costing information."
near-threshold error,2570,1,0,0.4989282190799713,0.5010718107223511,54,False,0.018518518518518517,True,False,2,medium,"This place has been here forever. Though, it has undergone a serious facelift over the past three or four months. The food is equally good, if not slgihtly better, and there is even talk of making it a bar at night. Booze and fried wontons? Yes, please!\n\nThe layout actually might lend itself successfully to a bar. You have the little takeout counter that opens up into an outdoor section that leads into another room. It hasn't happened yet, but it could be like a little Devil's Martini waiting to happen. Keep your eyes out for it!",negation scope — polarity word present but negated nearby,Add an explicit negation-marking pass (prefix the next 3 tokens after a negation with NOT_) and re-train; a bag-of-words model cannot see scope.
near-threshold error,55,1,0,0.4987456798553467,0.5012543201446533,24,False,0.0,True,False,0,short,"I went to a Bob Marley laser show as a 'favor' for my husband...  the lasers were really cool.  I would not recommend them if you are prone to migraines, or have a neuro disorder, such as seizures.\nI think if the music was more my taste, it would have been awesome.",negation scope — polarity word present but negated nearby,Add an explicit negation-marking pass (prefix the next 3 tokens after a negation with NOT_) and re-train; a bag-of-words model cannot see scope.
slice-specific failure (exclamations=no_exclaim),0,1,0,0.0193665511906147,0.9806334376335144,54,False,0.0,True,False,0,medium,"Contrary to other reviews, I have zero complaints about the service or the prices. I have been getting tire service here for the past 5 years now, and compared to my experience with places like Pep Boys, these guys are experienced and know what they're doing. \nAlso, this is one place that I do not feel like I am being taken advantage of, just because of my gender. Other auto mechanics have been notorious for capitalizing on my ignorance of cars, and have sucked my bank account dry. But here, my service and road coverage has all been well explained - and let up to me to decide. \nAnd they just renovated the waiting room. It looks a lot better than it did in previous years.",negation scope — polarity word present but negated nearby,Add an explicit negation-marking pass (prefix the next 3 tokens after a negation with NOT_) and re-train; a bag-of-words model cannot see scope.
slice-specific failure (exclamations=no_exclaim),21,1,0,0.4263061285018921,0.5736938714981079,43,False,0.023255813953488372,True,False,0,medium,This is my go-to distributer. They have a great selection and lots of hard to find brews. I haven't noticed that it's any more expensive than going elsewhere but honestly if I don't buy here then I'm buying six packs which as we all know are a huuugggge rip off. So any time I have a case of something I love I feel like I'm getting a bargain. The cold selection does suck so I try to plan ahead and have what I need already cold. Staff here are all very helpful- and will have recommendations if you ask.,negation scope — polarity word present but negated nearby,Add an explicit negation-marking pass (prefix the next 3 tokens after a negation with NOT_) and re-train; a bag-of-words model cannot see scope.
slice-specific failure (exclamations=no_exclaim),25,1,0,0.22340087592601776,0.776599109172821,178,False,0.016853932584269662,True,False,0,long,"As a chinese american college student from NYC who got stuck in Pittsburgh with its useless public transportation (circa 1998), I desperately missed home-style Chinese food for the better part of my first two years here. Things turned around for me once I got a car (or made friends with cars), but I was seriously hurting for a while.\n\nTasty was one of the places we found. Back in the day, it was owned and ran by a typical restaurant-owning Chinese family. They had the works - pushy lao ban niang (boss lady), chef slash dad, and, during school off-hours, junior high school daughter manning the cashier. If they were in NYC, they'd only be missing an ami.... a bus boy. The food was pretty good, and if you order in Chinese, the lao ban niang hooked you up with extras because \""""your parents teach you good to talk Chineees\"""". \n\nI'm pretty sure Tasty is under new ownership now. The food isn't as good as it was, but the restaurant still gives off the home-style look and feel. It's a small restaurant with enough seating for about 25-30 patrons. Cheap tables, cheap seats; after all, restaurant extras are just a waste of money. The customers should come back for the food, this *is* a restaurant.\n\nThe new waitress is not friendly, but she gets the job done. The food is still good - so if you're craving a home cooked meal, you'll be somewhat satisfied here. Don't expect grandma's cooking, though. Order the vegetables, the mapo tofu is good, beef/chicken chow fun, etc. They have a lot of other staple items on the menu too. Don't get the salted pork chops - save that craving for Orient Kitchen. Try things, and share your thoughts.\n\nTasty - it's more than your neighborhood take out joint.\n\n- written by a former junior high school daughter cashier",mixed sentiment — review contains both praise and complaint,"Label a 50-review mixed-sentiment probe set by hand and measure accuracy on it separately; if it is far below overall accuracy, the single-logit framing is the limit, not the architecture."
slice-specific failure (exclamations=no_exclaim),33,1,0,0.3291257917881012,0.6708742380142212,66,False,0.015151515151515152,True,False,0,medium,"The first time I came here, I waited in line for 20 minutes.  When it was my turn, I realized I left my wallet in the car.  It hurt so bad, I didn't come back for a year.\n\nI can walk to this place from my house- which is dangerous because those biscuits are just OH SO DREAMY.  I can't describe them.  Just get some.\n\nDo I feel guilty about noshing on fabulous Strawberry Napoleons and Jewish Pizza (kind of like a modified, yet TOTALLY delicious fruitcake bar) at 10:15am?  Hecks, naw... But they do have quiche and some other breakfast-y items for those who prefer a more traditional approach to your stomach's opening ceremony.\n\nJust go early :)  They open at 10 on Saturdays.  And bring cash...it's easier that way.",mixed sentiment — review contains both praise and complaint,"Label a 50-review mixed-sentiment probe set by hand and measure accuracy on it separately; if it is far below overall accuracy, the single-logit framing is the limit, not the architecture."
slice-specific failure (exclamations=no_exclaim),66,1,0,0.3012239336967468,0.6987760663032532,20,False,0.0,False,False,0,short,A different style (love or hate) pizza. A square cut thicker crust with cold shredded cheese on top. It's different enough that it is a good chance of pace to your standard pie.,"insufficient evidence — very short review, little lexical signal",Check whether accuracy on the shortest length decile improves when the classifier abstains below a confidence floor.
