model,slice_family,slice,n,positive_rate,macro_f1,error_rate
baseline_bow,length_bucket,long,12845,0.420942000778513,0.9228210279495088,0.07481510315297782
baseline_bow,length_bucket,medium,12241,0.4961195980720529,0.9262148456802022,0.07376848296707786
baseline_bow,length_bucket,short,12914,0.5823137680037169,0.9201637107222385,0.07782251819730525
baseline_bow,has_negation,negation,28843,0.4153867489512187,0.9166808381988457,0.08050480185833651
baseline_bow,has_negation,no_negation,9157,0.7665174183684613,0.9160207549934949,0.05973572130610462
baseline_bow,shouty,normal_caps,37101,0.5026549149618609,0.9242856419513827,0.07571224495296623
baseline_bow,shouty,shouty_caps,899,0.39043381535038935,0.9303079165245434,0.06674082313681869
baseline_bow,exclamations,has_exclaim,17636,0.597811295078249,0.9339679232592958,0.06401678385121343
baseline_bow,exclamations,no_exclaim,20364,0.41529169121979964,0.9120120697563548,0.0854449027695934
exp1_bilstm,length_bucket,long,12845,0.420942000778513,0.9279849976020644,0.07068898404048268
exp1_bilstm,length_bucket,medium,12241,0.4961195980720529,0.9355435714363655,0.0644555183400049
exp1_bilstm,length_bucket,short,12914,0.5823137680037169,0.9336203599257316,0.06450363946105002
exp1_bilstm,has_negation,negation,28843,0.4153867489512187,0.928917157662539,0.06937558506396699
exp1_bilstm,has_negation,no_negation,9157,0.7665174183684613,0.9184605994194708,0.057770012012667904
exp1_bilstm,shouty,normal_caps,37101,0.5026549149618609,0.9330537779486574,0.0669254198000054
exp1_bilstm,shouty,shouty_caps,899,0.39043381535038935,0.9455362908787176,0.05228031145717464
exp1_bilstm,exclamations,has_exclaim,17636,0.597811295078249,0.9439557148535674,0.05381038784304831
exp1_bilstm,exclamations,no_exclaim,20364,0.41529169121979964,0.9205850372762607,0.07763700648202711
exp2_textcnn,length_bucket,long,12845,0.420942000778513,0.9271196859566349,0.07100038925652005
exp2_textcnn,length_bucket,medium,12241,0.4961195980720529,0.9366032840284486,0.06339351360182992
exp2_textcnn,length_bucket,short,12914,0.5823137680037169,0.9359840863960838,0.0622580145578442
exp2_textcnn,has_negation,negation,28843,0.4153867489512187,0.9291008117506958,0.06875151683250702
exp2_textcnn,has_negation,no_negation,9157,0.7665174183684613,0.9206660519887226,0.055585890575516
exp2_textcnn,shouty,normal_caps,37101,0.5026549149618609,0.9338547248132736,0.06614376970971132
exp2_textcnn,shouty,shouty_caps,899,0.39043381535038935,0.9558192107931385,0.042269187986651836
exp2_textcnn,exclamations,has_exclaim,17636,0.597811295078249,0.9433408250117297,0.054660920843728734
exp2_textcnn,exclamations,no_exclaim,20364,0.41529169121979964,0.9229142403274988,0.07503437438617168
