category,test_idx,p_pos,true_label,pred_label,raw_text,processed_tokens,error_type,notes
confident_FP,29330,0.9999,0,1,"Wow love the place and everything is very clean and new!\n\nGreat place to come and relax worth a try!\n\nCheers,\n\nEric Van Nguyen\nVisited April 2012",wow love place everything clean new great place come relax worth try cheer eric van nguyen visit april,label noise / rating-text mismatch,
confident_FP,10770,0.9993,0,1,"Very small portions, but good food. Had a perfectly cooked fillet minion, but $60 and they could have served with a toothpick, it was so small.  \nSame for rest of our party. Excellent salmon, but maybe 5 bites again $60. \nEverything is a la carte so sides extra. Thai papaya salad good, and key lime pie great.",small portion good food perfectly cook fillet minion could serve toothpick small rest party excellent salmon maybe bite everything la carte side extra thai papaya salad good key lime pie great,mixed sentiment (quality vs. value),
confident_FP,16460,0.999,0,1,"Do you come here often? This old line would definitely work here. Great for families or old marrieds looking to get out of the house and laugh-out-loud for a few hours. This place is a brightly colored, entertainingly, loud, home away from home, covered in unexpected but, laughtasticly humorous saying that creatively remind you of where you are.\n\nI have been here a few times in the past, with friends, unsually during the day (Day drinking, as their shirts say). So, the other Saturday night I decided to head over after some strenuous solo christmas shopping. Looking to relax, refuel, drink, flirt and..... (nevermind, it didn't happen anyways). I parked near the Greenfield side and walked up to what I thought was the main door. But, it was locked! The thought crossed my mind that they may be closed? But, the loud music led me around the corner to the chill-friendly security door check who informed me that they serve food until 2am and wished me a good time. As I made my way inside the place was pretty busy on the patio, with a live DJ, no seats left at the bar, and absolutley no one but staff on the inside, I guess that was their intention.\n\nI found a nice spot (with great viewing) on a corner table in the patio area, far too big for just myself, but who knows, the night was still young... Within seconds, my server was at my table taking my drink order and right back to take my food order (Ugh, I MUST have looked famished! Or he's just that good?) He was back over in a few minutes with my chips and salsa and appologized that the food would be taking longer than normal. I thanked him and told him it was no problem, as I was in no hurry. \n\nAs I waited I finally had a chance to really look around. I have to admit, I was quite surprised to see so many regular farmer, construction types had filled the place with their jealous polential wife types (just the feeling I got). It reminded me of my visits to the NW! I guess I'll have to make an appearance at this place more often! I felt like the best looking thing to happen to this place in awhile and I was totally cas in jeans and sneakers! It was a little surreal! Although the stinky eye lady glances in my general direction were getting a bit annoying (...remember, corner table seat.) I wanted to say: Ladies, PUHLEASE, I am NOT looking at your man! ...I am simply trying to lip read Joe Rogan's mouth for the details of the UFC fight. (the other best looking thing in the place, besides me. Yeah, it was one of THOSE nights) Sheesh! But, they would have never heard me over the DJ beats and the cornhole game happening in the walk way. \n\nJust then, my food arrived. Luckily, I had asked them to make it to go. I had read the handy yelp reviews on this Supergooeycheese chimi thingy and Man! This thing did not dissappoint! I dug right into it! Fully loaded and super flavorful! It has this amazing smelling/ tasting jalapeno cream sauce and ?lbs of cheese I asked the servicer, but I forgot (lost in the deliciousness) he smiled as he explained, knowing exactly what I was experiencing. It actually got better with every overloaded mouth full! Quarterway through I paused just long enough to realize I was already stuffed! But, by that time I was pretty much done with the discomfort of the corner seat with a 'greeat' view.\n\nOverall, a great place to take the fam to get out of the house for a nightlife atmosphere with generous sized portions of food and not have to dirty your own kitchen. Buuut, not the best place to go for a 'meeting' or a friendly conversation with strangers.",come often old line would definitely work great family old marry look get house laugh loud hour place brightly color entertainingly loud home away home cover unexpected laughtasticly humorous say creatively remind time past friend unsually day day drink shirt say saturday night decide head strenuous solo christmas shop look relax refuel drink flirt nevermind not happen anyways park near greenfield side walk think main door lock think cross mind may close loud music lead around corner chill friendly security,sarcasm / irony,
confident_FP,12480,0.9989,0,1,"my husband had an omelette that was good. i had a blt, a little on the small side for $10, but bacon was great. Our server was awesome!",husband omelette good blt little small side bacon great server awesome,"rating-text mismatch (mild praise, low rating)",
confident_FP,408,0.9986,0,1,"Though I'm a Copper enthusiast when it comes to getting my Indian fix in Charlotte, I'd heard that Maharani was a cheaper but tasty option, so we ordered from there a few nights ago. \n\nCopper is definitely still my place, but Maharani was fine enough. First of all, the food came very quickly, which is rare. Usually indian food, good indian good, takes at least 30-45 minutes. We got our order in like 30, which was great 'cause we were starving. \n\nThe Tikka Masala was spicy and pretty good, but it wasn't as thick and saucy as i like. The salad was just so-so. The Naan were all amazing. Definitely the highlight.",though copper enthusiast come get indian fix charlotte hear maharani cheaper tasty option order night ago copper definitely still place maharani fine enough first food come quickly rare usually indian food good indian good take least minute get order like great cause starve tikka masala spicy pretty good not thick saucy like salad naan amaze definitely highlight,comparative / lukewarm,
confident_FN,22807,0.0001,1,0,"EDIT: They really did change the service up since I last posted this.\n\nHorrible service.\n\nUsed to be my favorite pizza in the city (at a reasonable price), but I'm rethinking that. We just had an altercation with a server who refused to split a check when we were paying with cash. He then proceeded to disrespect the party at the table, telling us to 'not give him attitude about it.'\n\nSorry Bella Notte, but we're not children. I don't care if you're working hard - it doesn't give you any excuse to disrespect your paying customers like that.",edit really change service since last post horrible service use favorite pizza city reasonable price rethink altercation server refuse split check pay cash proceed disrespect party table tell u not give attitude sorry bella notte not child not care work hard not give excuse disrespect pay customer like,edited review (temporal mismatch),
confident_FN,29494,0.0003,1,0,"UPDATED. \n\nMy initial very frustrated and dramatic review read as follows:\n\nBililng practices are at best negligent and at worst fraudulent.  \n\nI started going to the studio per a groupon.  I enjoyed the experience so much that I purchased a discounted 20 pack of classes.  When I purchased the classes, my credit card was charged.  However, the purchase didn't show up in my online account so I couldn't schedule classes.  I called The Studio and they told me that they'd credited the classes to another student but they did remedy the situation. \n\nFast forward about 6 months and I am reviewing my credit card statement.  Lo and behold a mysterious charge from the Studio shows up for $130.  I have not even been back there in months and certainly have not authorized any transactions to this business.  I am now disputing the charge via my credit card. \n\nThe yoga is great but all these terrible billing practices make it not worth your time in the long run.\n\nUpdates:\n\nAfter reading this, the studio owner went out of her way to contact me to try and correct the error.  She contacted me several times over a month and offered to resolve the issue in minutes if I called her.  I couldn't manage to find time to call her, but she refused to give up and tracked down my information and resolved the situation in a way that goes above and beyond what can be expected from a business owner.  I can certainly say that although I was frustrated by the two billing mixups, this business went out of its way to accomodate and help me, even when I couldn't go out of my way to try and correct the error.  I am thus updating my review to 4 stars- not quite 5 due to the initial errors- but they certainly get 5 for the way they managed this.  \n\nAlso, as previously mentioned, the yoga is great.",update initial frustrate dramatic review read follow bililng practice best negligent worst fraudulent start go studio per groupon enjoy experience much purchase discount pack class purchase class credit card charge however purchase not show online account could not schedule class call studio tell credit class another student remedy situation fast forward month review credit card statement lo behold mysterious charge studio show not even back month certainly not authorize transaction business dispute charge via credit card yoga great terrible bill,edited review (quotes earlier negative review),
confident_FN,1238,0.0004,1,0,"This is more of appreciation than an actual review.\nAs a former long time Az state employee health care was extremely frustrating. Now in retirement my medicare supplement is not an improvement. Same carrier, different plan. To find a provider, conservatively speaking, is close to impossible, due to the extremely low provider payments and the fact that the provider listings, year after year are a sad joke.Call ten places from the directory and most are not contracted or wrong address or have not been provider for years. A heart specialist was listed as under water specialist? For my needed cataract surgery I spent dozens of hours on the phone with\ncarrier who promises to call back and never does.\nVery nice and courteous and caring completely inept\npeople. After a month I gave up on my carrier and spoke to a number of offices unrelated to cataracts.\nAs usual Hatfield Family Medicine (Concentra)\nwas more than nice and caring. I left their office\nhaving an appointment at Barnet, Dulaney, Perkins\nwho are highly competent but one of possibly two firms who will accept my carrier's measly payment.\nHatfield continued to work on what they had no need to do in the first place and mailed me info on another doctor they believe will accept my plan.\nIn a few days I will finally be seen after three months of wasted time. I have to think it is generosity on the part of Barnet, Dulaney Perkins.\nA review will follow.",appreciation actual review former long time az state employee health care extremely frustrate retirement medicare supplement not improvement carrier different plan find provider conservatively speak close impossible due extremely low provider payment fact provider list year year sad joke call ten place directory not contract wrong address not provider year heart specialist list water specialist need cataract surgery spend dozen hour phone carrier promise call back never nice courteous care completely inept people month give carrier speak number office unrelated,negative background framing,
confident_FN,16700,0.0005,1,0,"TERRIBLE SERVICE, RUDE WAITERS WITH A PISS POOR ATTITUDE! WOULD EAT HERE AGAIN! A++++\n\nThe food here is good but isn't that spectacular, the beer selection is somewhat disappointing if you like a good craft beer. Ask for a craft beer and get an insulting comment from the waitress. \n\nWhat makes this place awesome is the atmosphere, live bands, sports on the TVs, the very obnoxious staff and the hats. Got to love the free hats. \n\nIf you go, ask for a glass of water with your meal. ;)",terrible service rude waiter piss poor attitude would eat food good not spectacular beer selection somewhat disappoint like good craft beer ask craft beer get insult comment waitress make place awesome atmosphere live band sport tv obnoxious staff hat get love free hat go ask glass water meal,sarcasm / irony,
confident_FN,30958,0.0006,1,0,"Look, we all know Cox sucks. In fact they are a terrible business and their practices are laughable. However they are a necessary evil if you want Internet that isn't garbage that can handle streaming/gaming. The way they handle issues over the phone is worse than Comcast, and for all my east coast brothers/sisters you know what a serious accusation that is. It all started with shitty TV Service. My household went through 4 dvr boxes. 4. That all broke. All of them. 100's of hours of TV. Lost. Every. Single. Time. Their solution? Downgrade from contour. That's their genius solution. So my solution? Upgrade to Dish for TV. PROBLEM SOLVED. However they charged us $200 to disconnect claiming we were on a contract. Nope, disputed that. However to dispute it you have to literally mail a letter to corporate. In the mean time, they cut off my Internet service for pay bills AND THEN DOUBLE CHARGED ME FOR THE INTERNET. WHAT? EXCUSE ME? How does that even make sense? So, an angry phone call and 2 hours on hold, I get the Internet back on because I work from home and to refund the double charged service they have to send a check, via the mail, to a local store. Okay, cool. A week later, let's drive from San tan valley to Gilbert. Once we arrive , turns out the check wasn't mailed. In fact the person helping us via the phone wrote that checks can't be sent to the store, and put a future apology in the notes to us. Thanks Cox cock. So, if you made it this far, why do I give this store 5 stars? The Manager, Mario. That's why. The savior of my people. Stepped in. Saw the crap we went through and listened to my tale. With about 5 minutes of effort , he credited our account for $300. $200 for the bs fee , $50 for the double charge and another $50 just because he was sorry. That's customer service. That's being a great human. He's the man, and my opinion of Cox has changed. ALWAYS GO TO A COX STORE. ALWAYS! They know their stuff and actually care. They are not the call center idiots. They are true experts and will always get the job done. Thank you Mario at the Gilbert Cox Store. Thank you so much",look know cox suck fact terrible business practice laughable however necessary evil want internet not garbage handle stream game way handle issue phone worse comcast east coast brother sister know serious accusation start shitty tv service household go dvr box break hour tv lose every single time solution downgrade contour genius solution solution upgrade dish tv problem solve however charge u disconnect claim contract nope dispute however dispute literally mail letter corporate mean time cut internet service pay bill double,"contrast (negative words, positive verdict)",
near_threshold,18479,0.4995,1,0,"It's hard to find a non corporate coffee outlet in Las Vegas, but I found this place on Flamingo . Good coffee , not just a conversation piece. I ordered the Mocha, much better that I would have expected from a drive in. No pastries offered here, but a good choice of hot and frozen coffees.",hard find non corporate coffee outlet la vega find place flamingo good coffee not conversation piece order mocha much better would expect drive no pastry offer good choice hot freeze coffee,mild sentiment with negations,
near_threshold,33568,0.5016,0,1,"Fancy looks, fancy prices.  Not a whole lot of options on the menu.   Got the pork sandwich.  The pork was good, but just not a whole lot of it.   Price per portion is on the high side.",fancy look fancy price not whole lot option menu get pork sandwich pork good not whole lot price per portion high side,mixed sentiment,
near_threshold,15730,0.4979,1,0,Danielle's professionalism and quality of the alteration I received deserve 5 stars however the procedures used to estimate and charge the client are in need of improvement.,danielle professionalism quality alteration receive deserve star however procedure use estimate charge client need improvement,contrast + tokenization artifact,
near_threshold,4222,0.4978,1,0,"I would recommend OBGYN Specialist to anyone!! I have felt that I matter to them as a person, not just a patient since the moment I walked in there a few years ago.  I recently suffered an ectopic pregnancy and they were on top of the situation medically as well as helping me emotionally.  The \""""bedside manner\"""" I received was one of a kind and I can't imagine going through this hard time with any other doctor.",would recommend obgyn specialist anyone felt matter person not patient since moment walk year ago recently suffer ectopic pregnancy top situation medically well help emotionally bedside manner receive one kind not imagine go hard time doctor,negative-topic domain vocabulary,
near_threshold,15002,0.4977,1,0,"I brought my FJ in a few days ago because I could hear some squealing at times. I thought I needed the brake pads replaced for sure. However, these guys were honest enough to tell me that there were plenty left. The breaks just needed some maintenance done on it.  After they bled the fluid and did what they had to do, no more squealing and my brakes are working like the day I bought my car. Thanks Just Brakes!",bring fj day ago could hear squeal time think need brake pad replace sure however guy honest enough tell plenty leave break need maintenance do bleed fluid no squeal brake work like day buy car thank brake,implicit sentiment in problem narrative,
slice:truncated=True,90,0.3783,1,0,"Port Authority (formerly known as PATransit, or \""""PAT\"""") operates a fairly extensive network of buses and (in the South Hills) light rail. Instead of running school buses, the school district gave high schoolers bus passes to get to class, and I have used the bus since 1997.\n\nI've had a great experience using the bus in Pittsburgh. I didn't get a driver's license until I was almost 19--the bus (\""""Miss Pat\""""--another nickname) and my bike got me everywhere I needed to go. There will inevitably be delays and problems, but that is common to all modes of transportation. The price is right (especially with a \""""free\"""" bus pass; students see below) and if you live and work in the city, you should consider making the bus your main means of commuting.\n\nThe system is largely built on the legacy of pre-World War II trolley lines, so the neighborhoods that were developed before 1950 are fairly well-served, while more recent developments can be harder to navigate by bus. The system just had a major overhaul (in spring 2010) but still travel many of the same routes.\n\nThe route numbering system is complicated, and there are many exceptions, but as a rule, the routes are numbered in a counter-clockwise fashion from downtown. The \""""oughts\"""" and 10's go north, the 20's and 30's go west, the 40's and 50's go south, and the 60's, 70's, 80's an 90's go east. Routes that are just letters are express or flyer routes, which may go on one of three \""""busways,\"""" transit-only highways that bypass traffic jams. The light rail (known as the \""""T\"""" or the trolley) serves southern city and suburban neighborhoods above ground, and has three underground stations downtown, with a major construction project underway to extend trains to the North Side, projected for completion in 2011.\n\nThe University of Pittsburgh and Carnegie Mellon University (among others) have agreements with the Port Authority to allow students, staff and faculty to use their university IDs as bus passes. Others can purchase passes at $75 per month or $20 per week, while a local one-way fare is $2.00. Port Authority is supposed to be rolling out a \""""smart card\"""" digital payment system (\u00e0 la WMATA's SmarTrip or London's Oyster) soon, but that remains in development.\n\nOne especially great value is the 28X, a route serving the Pittsburgh International Airport from Downtown and Oakland (the university district) via the West Busway. Fare, as of mid-2010, is $2.75, compared with taxis and other shuttles costing $30 or more. The 28X runs every half hour and takes around 35 minutes to get to the airport from downtown, or 15 minutes longer from Oakland.\n\nThe Port Authority's fare revenues cover only a fraction of its expenses, and the state and county's perennial budget problems have caused several funding crises in recent years.",port authority formerly know patransit pat operate fairly extensive network bus south hill light rail instead run school bus school district give high schoolers bus pass get class use bus since great experience use bus pittsburgh not get driver license almost bus miss pat another nickname bike get everywhere need go inevitably delay problem common mode transportation price right especially free bus pas student see live work city consider make bus main mean commute system largely build legacy pre world,truncation / long descriptive narrative,
slice:truncated=True,156,0.4657,1,0,"My husband and I decided to spend an overnight in Downtown Pittsburgh last minute. We already had dinner reservations and show tickets, we just had to find a hotel room. The Renaissance Hotel is literally next door to the Byham Theatre where we had show tickets. I walked in and there was a wedding on the iconic stairs in the foyer! It was so beautiful with guests not only seated on the lobby space but also in the balconies on the second floor. I came in just as the ceremony was finishing. and when they were pronounced husband and wife, those in the balcony threw flower petals upon the couple. The hotel handled those like myself who were not part of the wedding very professionally so the ceremony would not be disturbed, but still service incoming guests. \n\nCheck in was very swift as my husband went to the restaurant to meet our dinner reservation while I checked into the hotel. I was able to take the luggage to the room and return to the restaurant a couple blocks away without even being late. I really liked the makeup mirror since I have to take off my glasses to apply my makeup.\n\nWe had dinner and enjoyed our show. We got out of the show and went to the bar for a late night bite and a drink. We got there at 10:45pm and waited and waited. At 11:04, a blonde waitress finally came to our table after delivering food to another table. We asked to see a menu, but was informed that the kitchen had closed at 11pm. We finished the drinks we had ordered, but had to pay the bartender because the waitress had left for the night. The bartender was a gentleman as I had two bills stuck together when I paid him and he found us outside to return the other one. We had to go across the street to another establishment to get something to eat.\n\nOther than the snafu in the bar, all the staff from check in to check out were very nice and professional. The room was very clean and comfortable. As the need comes up, I will probably choose this hotel when I need to stay Downtown again. It is so close to PNC Park across the Clemente Bridge and it is in the heart of the Cultural District, so all the theaters are very close by. It is also close to public transit so you can get anywhere in Pittsburgh from that spot without having to go too far.",husband decide spend overnight downtown pittsburgh last minute already dinner reservation show ticket find hotel room renaissance hotel literally next door byham theatre show ticket walk wed iconic stair foyer beautiful guest not seat lobby space also balcony second floor come ceremony finish pronounce husband wife balcony throw flower petal upon couple hotel handle like not part wed professionally ceremony would not disturb still service incoming guest check swift husband go restaurant meet dinner reservation check hotel able take luggage,truncation / long descriptive narrative,
slice:truncated=True,439,0.4147,1,0,"Thoroughly impressed with this airport. \n\nNot that I'm some great world traveler, but all the more reason.  See, when I booked my virgin transatlantic flight (yes, virgin with a lower case v--as in, I was popping my passport cherry; not capital V, as in going on the airline), I needed an airport that wouldn't drive me batty with traffic.  As fun as it would have been to fly through a big name airport like JFK or LaGuardia, I think I might have regretted it.  In fact, on the return leg, I was even more grateful.  \n\nBeing a noob, I took to the interweb for advice.  I had read in some online travel blog about how I should book 3 hours between connecting flights for the first stop back on US soil to get through customs, get to the new plane, blah, blah, blah.  I read that Charlotte was well organized. My flight only gave me two hours and change BUT there was a later one on the same airline to the same destination if I should happen to miss my connection.  So I felt okay about it. \n\nWhen we touched down on US soil, the flight attendants made an announcement that a Lufthansa flight had also just touched down and that their plane was MUCH larger than ours and that we should head the heck out ASAP if we have connections to get. Panicked, we all made a run for it to customs but were too late.  Stupid Lufthansa people.  As we stood sulking in line, we realized how quickly the line was moving.  Customs agents throughout the room made sure that travelers were in the correct customs lines (\""""US and Canadian passengers ONLY on the LEFT--EVERYONE ELSE ON THE RIGHT\"""").  They came through the line to make sure everyone in line had their documents and KEPT THEM OUT instead of tucking them in some side pocket of some suitcase somewhere only to waste time fumbling for it later. Finally, they segregated people into mini-lines for customs agents to be screened.  All told, we stood in line (behind Lufthansa even!) for just 15 minutes. Take that JFK.  \n\nI might even add that unlike most airport staff, the folks here even seemed to be a bit friendlier.  Customs agents smiled and played with babies.  Volunteers standing in corridors handed us free luggage tags.  Airports of the world could take a lesson from Charlotte-Douglas, I think...",thoroughly impress airport not great world traveler reason see book virgin transatlantic flight yes virgin lower case pop passport cherry not capital go airline need airport would not drive batty traffic fun would fly big name airport like jfk laguardia think might regret fact return leg even grateful noob take interweb advice read online travel blog book hour connect flight first stop back u soil get custom get new plane blah blah blah read charlotte well organize flight give two,truncation / long descriptive narrative,
slice:truncated=True,593,0.7958,0,1,"The Sports Pub is the kind of place I tend to find myself at when I get overruled by my friends on the east side.  I don't know the east side of town all that well but I do know that I like the Ale Asylum A LOT.  I seem to be successful in getting everyone to go there about 25% of the time; otherwise we end up at the Sports Pub.  I've spent quite a few nights here and I can't really say I've ever had a good time.  If I could I'd rate this 2.5 stars, because really this place isn't that bad.  It's just that there are so many places with better beer, nicer bartenders, friendlier crowds and better food.  Every time I've gone to the Sports Pub there have been good aspects of my experience, but something always goes wrong and I leave with a bad impression of the place.  \n\nThe first time, several years back, I remember having a really tasty burger, but the pitcher of Capital had little bits of gunk floating in it and the bartender tried to blame that on me.  That was enough for me to cross it off my list, but my friend really likes the place and I've been back multiple times since.  Last weekend, for example, we went for the second half of the Badger game.  It was crowded to be sure, but the service was good and my sandwich was pretty decent.  Unfortunately this was marred by the fact that we could not see a television from where the table was positioned, which kind of defeated the purpose of going to a sports bar.  I also got into a ridiculous argument with some drunk at the bar over something trivial, and I spent the rest of the afternoon hearing him loudly talk about me from across the bar.  Again, that's not really the fault of the Sports Pub but I just can't seem to have a nice time at this place.\n\nThe menu is actually pretty broad, with traditional bar food done up right.  The appetizers are the standard fare, and the spicy curly fries are really tasty.  The tap selection is on the low side of OK.  There's usually a Capital and Spotted, and aside from the aforementioned incident I haven't had a major problem with quality.  There's a foosball table near the door where I once schooled a plastered townie five games in a row before hubris got the better of me and I was resounding beaten by his girlfriend.  There are outdoor volleyball courts and leagues during the summer.  I'm sure that if I lived near this place I'd probably find it a nice local hangout.  But I don't, and every time I've made the trip over from Middleton I end up regretting the experience.  I just can't recommend the place, though I'm pretty sure that I'll find myself back there in the not so distant future.  Maybe then it won't be so bad, but I'm not holding my breath.",sport pub kind place tend find get overrule friend east side not know east side town well know like ale asylum lot seem successful get everyone go time otherwise end sport pub spend quite night not really say ever good time could rate star really place not bad many place better beer nicer bartender friendlier crowd better food every time go sport pub good aspect experience something always go wrong leave bad impression place first time several year back remember,truncation (verdict lost from middle),
slice:truncated=True,861,0.4855,1,0,"Summer time is supposed to be \""""healthy time\"""", so I am trying to watch what I eat. Now, I will always be a big guy (not \""""two fat twins on their matching motorcycles\"""" big, but you know, not little) but I definitely am eating more appropriately. However, I work in an office, and around 11:30, people start to double-think their lunch choices. Yes, the night before, a breakfast bowl from Jimmy Dean sounds like an excellent lunch selection, but all that pushing of buttons and watching your meal spin in the microwave? Forget it; one \""""What are you doing for lunch\"""" from a buddy and I was out of there.\n\nAthenian was a prime lunch spot for me for awhile, and just fell out of favor. No time like the present to return, plus SB had never been there before today. We took the 2 minute drive to Central and rolled in to a 1/3 filled Athenian Express. Happy to have missed the rush, I immediately ordered my favorite dish, the gyro feta (no tomatoes/onions, add lettuce) with fries, and SB got a chicken sub and potato salad.\n\nFirst issue, no fountain soda? If I can't destroy myself with aspartame in my free refills, it's not a great lunch. Plus, I don't like drinking out of cans unless its a more adult beverage. Fix yo machine, Athenian!\n\nOutside of the $1.50 soda, the meal was as good as always. It was a bit lighter on the feta than usual (and LOVE me some feta goodness), but still had quite a pile. The meat was thick and cooked through, definitely filled up the pita to an overflowing Greek party. The french fries weren't overcooked, which is good because burned fries suck fully. Add in a side of tzatziki sauce to poor over everything, and times were well spent. It's a ton of food for what you pay, and one of the best deals downtown.\n\nMy coworker didn't fair quite as well, but it was more his preferences than issues with the meal. His chicken sub came with a huge breast, which I would think is a good thing, but for him caused the sandwich to be overstuffed (like I said, weird preferences). He demolished the entire thing, so it must have not been too bad, along with the potato salad, which he was a fan of as well.\n\nAll in all, very good lunch experience. I usually get take-out, but the Greek team had their World Cup game, so it seemed appropriate to hang out and watch the \""""exciting\"""" 0-0 match-up. If we can get some fountain sodas up in there, Athenian will likely jump back on my radar (and I may even get a salad.....maybe).",summer time suppose healthy time try watch eat always big guy not two fat twin match motorcycle big know not little definitely eat appropriately however work office around people start double think lunch choice yes night breakfast bowl jimmy dean sound like excellent lunch selection push button watch meal spin microwave forget one lunch buddy athenian prime lunch spot awhile fell favor no time like present return plus sb never today take minute drive central roll fill athenian express happy,truncation / long descriptive narrative,
