model,slice,value,n,macro_f1,error_rate
baseline,length_bucket,Q1_short,9590,0.9292729363807395,0.06788321167883211
baseline,length_bucket,Q2,9450,0.9328826206443996,0.06687830687830688
baseline,length_bucket,Q3,9502,0.9335355558895287,0.06630183119343296
baseline,length_bucket,Q4_long,9458,0.9279835209534764,0.06830196658913089
baseline,has_negation,False,9753,0.923930880231215,0.05516251409822619
baseline,has_negation,True,28247,0.9258986621762305,0.07154742096505824
baseline,has_contrast,False,15635,0.942040316836363,0.056859609849696194
baseline,has_contrast,True,22365,0.9245420953104417,0.07467024368432819
baseline,truncated,False,36157,0.9332230957550425,0.06676438863843792
baseline,truncated,True,1843,0.9110631651708798,0.07867607162235486
exp1,length_bucket,Q1_short,9590,0.9344643259241938,0.06319082377476538
exp1,length_bucket,Q2,9450,0.9352521738286557,0.06455026455026455
exp1,length_bucket,Q3,9502,0.9353454616744887,0.06451273416122921
exp1,length_bucket,Q4_long,9458,0.9349112107923165,0.06185240008458448
exp1,has_negation,False,9753,0.9314857587188721,0.05003588639393007
exp1,has_negation,True,28247,0.9293442483113781,0.0681842319538358
exp1,has_contrast,False,15635,0.9479117613577097,0.05116725295810681
exp1,has_contrast,True,22365,0.9270643181926888,0.0721663313212609
exp1,truncated,False,36157,0.9367681815833377,0.06322427192521503
exp1,truncated,True,1843,0.9219088477529727,0.0694519804666305
exp2,length_bucket,Q1_short,9590,0.9473447437040942,0.05046923879040667
exp2,length_bucket,Q2,9450,0.9571033707865169,0.04275132275132275
exp2,length_bucket,Q3,9502,0.9564499747937991,0.043464533782361606
exp2,length_bucket,Q4_long,9458,0.9486514622570221,0.04874180587862127
exp2,has_negation,False,9753,0.9389307374864453,0.04439659591920435
exp2,has_negation,True,28247,0.9513369296127439,0.047049244167522215
exp2,has_contrast,False,15635,0.9599468872950905,0.03927086664534698
exp2,has_contrast,True,22365,0.9481529475184896,0.0513302034428795
exp2,truncated,False,36157,0.9544369302529812,0.045551345520922645
exp2,truncated,True,1843,0.9294049659173991,0.062398263700488336
