slice,value,n,F1_baseline,F1_exp1,F1_exp2,err_baseline,err_exp1,err_exp2
has_contrast,False,15635,0.942,0.9479,0.9599,0.0569,0.0512,0.0393
has_contrast,True,22365,0.9245,0.9271,0.9482,0.0747,0.0722,0.0513
has_negation,False,9753,0.9239,0.9315,0.9389,0.0552,0.05,0.0444
has_negation,True,28247,0.9259,0.9293,0.9513,0.0715,0.0682,0.047
length_bucket,Q1_short,9590,0.9293,0.9345,0.9473,0.0679,0.0632,0.0505
length_bucket,Q2,9450,0.9329,0.9353,0.9571,0.0669,0.0646,0.0428
length_bucket,Q3,9502,0.9335,0.9353,0.9564,0.0663,0.0645,0.0435
length_bucket,Q4_long,9458,0.928,0.9349,0.9487,0.0683,0.0619,0.0487
truncated,False,36157,0.9332,0.9368,0.9544,0.0668,0.0632,0.0456
truncated,True,1843,0.9111,0.9219,0.9294,0.0787,0.0695,0.0624
