metric,baseline,exp1,exp2
accuracy,0.9327,0.9365,0.9536
precision_macro,0.9327,0.9365,0.9536
recall_macro,0.9327,0.9365,0.9536
f1_macro,0.9327,0.9365,0.9536
precision_micro,0.9327,0.9365,0.9536
recall_micro,0.9327,0.9365,0.9536
f1_micro,0.9327,0.9365,0.9536
precision_weighted,0.9327,0.9365,0.9536
recall_weighted,0.9327,0.9365,0.9536
f1_weighted,0.9327,0.9365,0.9536
roc_auc,0.9794,0.9843,0.9906
pr_auc,0.9788,0.9847,0.9909
mcc,0.8653,0.873,0.9073
brier,0.0507,0.0477,0.0356
ece,0.0072,0.0121,0.012
