epoch,lr,lambda_id_BA,lambda_id_AB,loss_G,loss_gan,loss_cyc,loss_id,loss_D_A,loss_D_B,D_A_real,D_A_fake,D_B_real,D_B_fake,gnorm_G,gnorm_D,wall_time_min,peak_mem_mb
1,0.0002,5.0,5.0,9.300592885547214,0.7164195723997222,0.5865807492203182,0.5436731621623039,0.3219338166217009,0.32417662507957884,0.5278120437243746,0.46989458962317765,0.5195895102951261,0.48099049910902975,67.48726285264995,15.255404008428883,1.8362644116083782,3386.068359375
2,0.0002,5.0,5.0,7.981443816290962,0.6666597386201223,0.5034182073672613,0.45612039966715706,0.23880345755153232,0.2512113406923082,0.5663214877910084,0.4352243855885333,0.5298750052352746,0.46875329742829003,50.895591647551896,14.225047977911872,3.6053118109703064,3386.068359375
3,0.0002,5.0,5.0,7.468665982087453,0.758809989757008,0.45997991257243687,0.42201137534446187,0.2114843131022321,0.239558579698205,0.6128572739329603,0.38806197931058706,0.5510846560282839,0.45042435933214925,46.83146555200583,16.200408341895734,5.3866984685262045,3386.068359375
4,0.0002,5.0,5.0,7.100973111788432,0.8106489683522119,0.42790227148267956,0.4022602846059534,0.19464249550468393,0.22837774366968208,0.6407718044188287,0.3624249230188111,0.575206571345528,0.4245227257364119,41.2842365930888,18.64598264295813,7.246174760659536,3386.068359375
5,0.0002,5.0,5.0,6.967721412446764,0.8129076867302258,0.41886014587349363,0.39324244984322126,0.20678926079637475,0.21311333243217734,0.6194899826248487,0.3825390235457356,0.6015757690204514,0.39569824407717935,41.08406882826562,18.897339538353627,9.086476314067841,3386.068359375
6,0.0002,5.0,5.0,6.750551230112712,0.742136384728882,0.40845517542627124,0.3847726187109947,0.21712800908419821,0.22300592185308535,0.5968785742918651,0.40268885460733955,0.5812422332912683,0.41572481889070734,39.95360111056893,17.084529105798854,10.931801052888234,3386.068359375
7,0.0002,5.0,5.0,6.557981956005096,0.7538584412799941,0.3949453152219454,0.3709340678817696,0.21503749934749472,0.22370440118842655,0.5985009107987086,0.402642996434588,0.5759914682557186,0.4208740669544204,38.42954838372573,16.760157790027257,12.77970068057378,3386.068359375
8,0.0002,5.0,5.0,6.534702963564131,0.7654401261193885,0.39217471660839187,0.36950313293271597,0.22041989244934584,0.2249129851328002,0.5895830386545923,0.4108132187916069,0.5810110334720876,0.41620548602141855,37.738058538697544,16.763361366473376,14.617421428362528,3386.068359375
9,0.0002,5.0,5.0,6.233913392490811,0.7553304315275616,0.37126809871859023,0.3531803961429331,0.2207425831672218,0.22544203818672234,0.586314417190022,0.41313369199775885,0.5717812245421939,0.4255518387128702,36.5883937076705,15.727656150600483,16.451913952827454,3386.068359375
10,0.0002,5.0,5.0,6.08918301237954,0.7549755697614616,0.36183913732568423,0.34316321382919945,0.21830875507245462,0.22398617604126533,0.592320297592216,0.4084545363353876,0.5811411568439669,0.41669862274701397,35.34255474623489,16.315928407740785,18.286325963338218,3386.068359375
11,0.0002,5.0,5.0,5.9835438185267975,0.8008537191814846,0.35189111765888004,0.332755781047874,0.21387690582623084,0.2153293687891629,0.600676285367873,0.40026643773715476,0.5960101336675385,0.39986829951845315,35.98199211170358,16.675284205450506,20.11984120210012,3386.068359375
12,0.0002,5.0,5.0,6.037204550902048,0.7952400504052639,0.35529324089487396,0.3378064178261492,0.20986709564303357,0.21679677128791808,0.6093202560560571,0.3920416980723126,0.5924732787047752,0.4050389788299799,36.03845796366866,16.99235810369617,21.957178529103597,3386.068359375
13,0.0002,5.0,5.0,5.87923806031545,0.7785827291342947,0.34606055847472617,0.3280099462966124,0.21419018696579667,0.2199946381400029,0.5999866469742523,0.40034788128667664,0.589606857991053,0.4091371206514951,34.55356269947169,16.608536259546007,23.793712596098583,3386.068359375
14,0.0002,5.0,5.0,5.886540373431312,0.7964369451834096,0.3453904256059064,0.3272398309575187,0.21165054694232013,0.21409000141339168,0.6040896263470252,0.3982934930826175,0.597693658971952,0.4006097890348691,35.257008005435836,16.517578352500653,25.624401116371153,3386.068359375
15,0.0002,5.0,5.0,5.796672985818651,0.8136442971726259,0.33697286047869257,0.3226600149439441,0.20829223173980912,0.21476212703933317,0.609961697138432,0.3890889349851447,0.6004337856007946,0.396792324316274,34.637093162111164,16.896186397389535,27.459568838278454,3386.068359375
16,0.0002,5.0,5.0,5.808636700312297,0.813914348665211,0.33852103006508616,0.32190240846739876,0.2093885521300965,0.217115822016365,0.6100066608935595,0.39193169926577764,0.5933674658338229,0.40427476627855663,35.406339691794315,16.487663342791592,29.290839234987896,3386.068359375
17,0.0002,5.0,5.0,5.621194965839386,0.8034511646959517,0.32618581958942944,0.3111771226094829,0.20969129218409457,0.21756916793270242,0.6129851002080573,0.3881795197605,0.5908679208904505,0.40755048307160097,34.70704899558563,16.644197640290635,31.123958285649618,3386.068359375
18,0.0002,5.0,5.0,5.594325941668616,0.7915543011989858,0.3253140174183581,0.3099262952638997,0.20697163238500554,0.21693512551900412,0.6108512355989983,0.3910016671332738,0.5923598359794252,0.40612763286982145,34.91863656282829,16.192039854597386,32.954523420333864,3386.068359375
19,0.0002,5.0,5.0,5.5358324933052065,0.8074437100854185,0.31881466415193344,0.3080484270221657,0.2075655741430819,0.21511217516639994,0.6121909770026751,0.38748897606293514,0.6004118161565728,0.3977056699551435,34.47450880410482,16.615774516443327,34.7844306786855,3386.068359375
20,0.0002,5.0,5.0,5.53050727420383,0.8291004813296927,0.3181010199917687,0.30407931745052336,0.20830319684205784,0.21385249342355464,0.6080657694902685,0.39096403976281485,0.600049532490472,0.3978307835943997,34.78045794303963,16.54566319987851,36.618758368492124,3386.068359375
21,0.0002,5.0,5.0,5.461723789109124,0.817590677705076,0.313125143316057,0.302576335652007,0.2085940894815657,0.21500448846154743,0.6103211633819673,0.39018752876494545,0.5964335352670039,0.4024340977335426,33.46663907096048,16.48663676624469,38.44567277431488,3386.068359375
22,0.0002,5.0,5.0,5.409004934628805,0.8444627183675766,0.3069814276529683,0.2989455857541826,0.20234337387606502,0.21017044163619478,0.622834561434057,0.37780200512167844,0.6089533882008659,0.38899239391786977,33.94065412086415,16.97984725909361,40.273216517766315,3386.068359375
23,0.0002,5.0,5.0,5.337919911278619,0.8314039395749568,0.3035494620766905,0.2942042692171203,0.20784881005891495,0.21446296974395712,0.6158502682629559,0.3844690972232881,0.5990991527049078,0.3988907789697755,33.905779843727466,17.002409269931672,42.09712785085042,3386.068359375
24,0.0002,5.0,5.0,5.268972966141171,0.8111010531087717,0.2999086264934805,0.2917571341825856,0.20206625618868404,0.21379078585240577,0.6185291200938324,0.38132557324618876,0.6009518691969828,0.39784722409935463,33.78526842374965,16.403977831961633,43.91915696064631,3386.068359375
25,0.0002,5.0,5.0,5.3707803551356,0.8366367330567704,0.3057422565917174,0.2953442063430945,0.2029128651569287,0.21081099824772942,0.621651831989487,0.3796700331893711,0.6089261710416112,0.3896014551695488,33.793730746797735,16.89223751656371,45.744696736335754,3386.068359375
26,0.0002,5.0,5.0,5.623631647162967,0.9122746993435754,0.3182915054096116,0.3056883803175555,0.1818842655730744,0.20557616006789936,0.670403748874863,0.3327227440897291,0.6154471735739045,0.38438910968436785,34.735853559570145,17.160844441694163,47.57820383310318,3386.068359375
27,0.0002,5.0,5.0,5.471090146700541,0.8653853687478437,0.31091551288962366,0.29930993005633355,0.19252091440061728,0.21407739666601022,0.643169018584821,0.36030248297947565,0.5983281055423948,0.4010515651738064,34.72299711791392,16.74627228660101,49.404167453447975,3386.068359375
28,0.0002,5.0,5.0,5.24995632648468,0.834194877098004,0.29607052663962047,0.29101123604509566,0.20532474159159594,0.2105185956735578,0.6137745942340956,0.3850655777268629,0.607781320078195,0.3902396731319863,33.28201012966006,16.27557215817624,51.22901608943939,3386.068359375
29,0.0002,5.0,5.0,5.151993125544654,0.8482529817356004,0.2880039782656564,0.2847400706840886,0.20543179924703306,0.20877581244024138,0.6144711805176404,0.38576445657438146,0.611543785960724,0.38681461913019627,32.62443293404655,16.273481430011614,53.05341887871425,3386.068359375
30,0.0002,5.0,5.0,5.283143289089203,0.8497139117783971,0.29803690037793584,0.29061207638846503,0.20260180399235753,0.2088150293649071,0.6237143110525277,0.3766272267252094,0.6100421632619367,0.38965409759225117,33.71281117658709,16.295028072774265,54.877886768182115,3386.068359375
31,0.0002,5.0,5.0,5.2937901992268035,0.8623484764993191,0.297053074936072,0.2921821924381786,0.20190745289127032,0.20388625448776615,0.6228244668493669,0.37710414764755923,0.61937637320254,0.3804781151421937,34.18970402393598,16.294377531007136,56.70664122502009,3386.068359375
32,0.0002,5.0,5.0,5.064655685954624,0.8243470342126158,0.28282491349511674,0.28241190479861367,0.20837950270209046,0.20984088422834046,0.6137581160167853,0.38713758536035636,0.6079143986561232,0.3917005842849742,32.99913792704969,16.09077711363762,58.5379399617513,3386.068359375
33,0.0002,5.0,5.0,5.064420008659363,0.8556106781628396,0.28132377452320523,0.2791143184569147,0.20433963807713654,0.2066757328497867,0.6153133685100409,0.38368510663506133,0.6133258475360668,0.3842225780767492,32.16990776778952,15.97896974092188,60.36537473599116,3386.068359375
34,0.0002,5.0,5.0,5.068223833772871,0.8437121315134897,0.2831440484192636,0.27861424217621483,0.2023587131065627,0.20844251874420378,0.621598688873152,0.37886696798435876,0.6119961067102849,0.3878882042825636,32.4353756483486,15.928701145831099,62.195477743943535,3386.068359375
35,0.0002,5.0,5.0,5.0067567539215085,0.8519881996595198,0.27819659459922047,0.2745605234470632,0.20408047599511014,0.2071100775152445,0.6219073659305772,0.37757924134390325,0.614362818242775,0.3852402479464783,32.33569257209319,16.313134776357536,64.0259362578392,3386.068359375
36,0.0002,5.0,5.0,4.899861199061076,0.8381938218656514,0.27121684102548493,0.2698997914625539,0.2083475587786072,0.21163301921760042,0.6122808514907956,0.3866106999737935,0.6055178591629697,0.39270920738784804,31.697562575485392,16.091368784520284,65.85145301024119,3386.068359375
37,0.0002,5.0,5.0,4.938598842885759,0.8434148508807023,0.27409667116072445,0.27084345565901863,0.20467341500644884,0.2057484791562375,0.6152764796134499,0.385057834701923,0.6168726617553167,0.38414810975483205,31.710872538119915,15.892058102745015,67.67858261664709,3386.068359375
38,0.0002,5.0,5.0,4.964421354134878,0.8417421014606953,0.2759905152188407,0.2725548195176654,0.20623984979051682,0.20915262837169898,0.6178793528200024,0.38257098969020364,0.610159073294037,0.38888660727637925,32.20012529723477,15.953070185867885,69.50455379486084,3386.068359375
39,0.0002,5.0,5.0,4.839855707221561,0.8452865272098118,0.2666605341103342,0.2655927658908897,0.20379941389378575,0.20868985270253487,0.6172031625273586,0.3830942502565449,0.6119547869539302,0.38731298377025974,31.268422022706293,15.839082273739097,71.32840660015742,3386.068359375
40,0.0002,5.0,5.0,4.891523655785455,0.8389576204948955,0.27058147177100184,0.26935026243329047,0.20235442645433876,0.20823790178737706,0.6236074646769298,0.3777272421900286,0.6099294785575734,0.39109292618283586,31.73582369237329,15.650041121880015,73.1570973277092,3386.068359375
41,0.0002,5.0,5.0,4.825787488619486,0.8282344823496209,0.2663364216354158,0.2668377596305476,0.2059757250195576,0.20515328318087592,0.6145430369840728,0.38505451086739617,0.6163893226616912,0.3830218482286566,31.59514548773369,15.536664478617604,74.98441185951233,3386.068359375
42,0.0002,5.0,5.0,4.880702391200596,0.8444906514303552,0.2698044101231628,0.26763352564639514,0.1986657210915453,0.2057517735318591,0.6263443445993795,0.37411033824124995,0.6115801399428812,0.3884839010761223,31.907075174538704,15.287127446954374,76.81141149600347,3386.068359375
43,0.0002,5.0,5.0,4.806960994932386,0.8303927131659454,0.2642994933989313,0.26671466797590254,0.20318698932520218,0.21121297856378887,0.6181816190977891,0.3815574445388888,0.6051755357243949,0.393561518316985,31.391194399625505,15.620480903608652,78.63676529328028,3386.068359375
44,0.0002,5.0,5.0,4.975021500587463,0.8778804880546199,0.273419503668944,0.2725891959832774,0.19577751012312042,0.20534630563937956,0.636213959970822,0.3658808595473076,0.6142353144795116,0.3854404615403716,30.937290347941154,15.82896744922882,80.45868986845016,3386.068359375
45,0.0002,5.0,5.0,4.824561797512902,0.8549971745577123,0.26401830996076264,0.265876305964258,0.20412740991554326,0.2002756099609865,0.620725910315911,0.37914945552436013,0.6249965858873394,0.37506218770182587,31.066940645634066,15.739016118676535,82.28357056379318,3386.068359375
46,0.0002,5.0,5.0,4.753404546048906,0.8490193969508012,0.2595276261203819,0.2618217790292369,0.20727439645470844,0.2082601044492589,0.6127592348307371,0.3878982876917709,0.6168922211607504,0.3833343426189903,30.930744025339106,15.614582529914154,84.13366186221441,3386.068359375
47,0.0002,5.0,5.0,4.710794342888726,0.8205040362477303,0.2584403859410021,0.2611772905952401,0.2085075892176893,0.20754471248843603,0.6100606578898926,0.38967652702497113,0.6104290441423654,0.39077054250590865,31.041901778753253,15.50134942123307,85.97249157031378,3386.068359375
48,0.0002,5.0,5.0,4.6482624509599475,0.8489603609301978,0.2521951526237859,0.25547011020282906,0.19748363919970063,0.20641176467347477,0.6258960314301981,0.37518378352442394,0.6166714836739832,0.3828269062998394,30.775162754001638,15.722863367378322,87.79781319697697,3386.068359375
49,0.0002,5.0,5.0,4.592294785181681,0.844346741123332,0.24846566206879087,0.25265828313099015,0.20445063108785286,0.2057725893975132,0.616776337981638,0.38316397494429516,0.6130012846365571,0.3864290872392141,30.270160942909328,15.277086603776754,89.62263298829397,3386.068359375
50,0.0002,5.0,5.0,4.688297232256995,0.8472311704688602,0.25583664518263605,0.25653992300232253,0.2057550443419152,0.20457687562745477,0.6173577118892637,0.3821913947176654,0.6168044021244471,0.3816364842421737,30.624576152778918,15.607542765375252,91.45147922436396,3386.068359375
51,0.0002,5.0,5.0,4.82996736102634,0.8952148836188846,0.26315255333979926,0.2606453901363744,0.19389274961625536,0.20326552466592854,0.6348695582627423,0.36653100840643876,0.6209291014075279,0.37816659711456546,31.362106424116465,15.447846237491698,93.27405551274617,3386.068359375
52,0.0002,5.0,5.0,4.6621362355020315,0.861545203510258,0.25271974227494665,0.2546787206663026,0.20148588556796312,0.20301347352150415,0.624274227698851,0.37494544353672404,0.6238776981483938,0.37603893749519357,30.104419851521996,15.56625077968051,95.10160791873932,3386.068359375
53,0.0002,5.0,5.0,4.768757583830092,0.9006902011235555,0.25829858682221835,0.2570163009895219,0.19398529851809143,0.2021371466956205,0.6426581302197236,0.35996628197104047,0.622897249981761,0.37666286255646914,30.930868691946173,15.949439190902895,96.92848681608835,3386.068359375
54,0.0002,5.0,5.0,4.601828375922309,0.8537283778521749,0.24853170083628762,0.2525566001402007,0.1982738153491583,0.20713949894946482,0.6277663151485224,0.373399330942193,0.6122457761219186,0.38804625789479663,30.255426955646186,15.265781522790551,98.75121471087138,3386.068359375
55,0.0002,5.0,5.0,4.563831190268199,0.8593055967821015,0.24611127237478891,0.2486825736363729,0.20519670813344418,0.20149624067462152,0.6170735954534676,0.3822141019640387,0.6225545332663589,0.3774683941360046,29.79275498852333,15.105154620439903,100.57668134768804,3386.068359375
56,0.0002,5.0,5.0,4.5728750665982565,0.8614362057546775,0.24706847975651422,0.248150811145703,0.2003675699741062,0.20730973767944508,0.6256151425983343,0.37524987168920537,0.6148237557191816,0.3835589187374959,29.969290482419062,15.600033889061354,102.40259617169698,3386.068359375
57,0.0002,5.0,5.0,4.531520506805844,0.8597028495040204,0.24407254515422716,0.24621844107906024,0.20173093425627384,0.20628053919929598,0.6199155199481174,0.38004562676774284,0.6156625058341565,0.38454169965578733,29.845492811723144,15.145029989529188,104.22466005086899,3386.068359375
58,0.0002,5.0,5.0,4.732932993041144,0.8543541987571451,0.25950879332092075,0.25669817270504103,0.19944849054846497,0.19634521700441837,0.6266766691616633,0.3735537048466762,0.6309810252653227,0.3684690205067939,31.80827544663796,15.286117915466061,106.06811728477479,3386.068359375
59,0.0002,5.0,5.0,4.624841842651367,0.8697466838856538,0.2496124362779988,0.2517941581043932,0.2019794407962925,0.19539044034356873,0.6223213620421787,0.3780360076300308,0.634869020788206,0.36528908645287933,30.411353214751546,15.246393082310231,107.913660744826,3386.068359375
60,0.0002,5.0,5.0,4.502171584235297,0.8589418381825089,0.24201073716084162,0.24462447345256805,0.2046880561547975,0.20186272389979826,0.6181676330427742,0.3821976116977425,0.6242438852444886,0.3763332973441316,30.22116533357347,15.359903137352,109.75773252646128,3386.068359375
61,0.0002,5.0,5.0,4.631538483566708,0.8751602673861716,0.2508615247905254,0.24955259473787414,0.20261392454099325,0.19641119413698713,0.6186716422262705,0.38162887611685115,0.6293440591885398,0.37080063531951357,30.52385291550991,15.000521424457528,111.60846475362777,3386.068359375
62,0.0002,5.0,5.0,4.576256358358595,0.8853068692319923,0.24603051001826923,0.24612887931366761,0.19908572954850065,0.20153520608113873,0.6265915175868819,0.3732500838356403,0.6252684790020188,0.3745678495056927,30.16135072806834,15.37221276051642,113.45795820951462,3386.068359375
63,0.0002,5.0,5.0,4.475315244462755,0.8578166838983695,0.24039817116326756,0.24270336935917536,0.20811129274053705,0.206797837641918,0.6116851142752502,0.38908984481680414,0.6168572720611054,0.3832925391605952,29.6011681136602,15.298567419369828,115.30913575490315,3386.068359375
64,0.0002,5.0,5.0,4.530360700024499,0.8490009663667943,0.24463855281472205,0.24699484282069736,0.2045477154209382,0.19963891350560717,0.6157469464134839,0.3842677641992082,0.6244805828067992,0.373289207218978,30.853701728061893,15.112384863310675,117.16321760018667,3386.068359375
65,0.0002,5.0,5.0,4.493561037911309,0.8687067296355963,0.24127456312378248,0.24242173463933997,0.20202214492898848,0.2004351279232651,0.6221417327732262,0.3783141546705479,0.627255354380856,0.37300233523180293,31.127283775926724,15.53898578993847,119.0217126806577,3386.068359375
66,0.0002,5.0,5.0,4.561373760700226,0.8741382853190104,0.24616150506668621,0.2451240853882498,0.1993825180269778,0.19994313695778448,0.625901216191964,0.37463631724059165,0.6265688091506146,0.3739884987285283,31.48873060166237,15.149827945716092,120.87228744824728,3386.068359375
67,0.0002,5.0,5.0,4.532072395483652,0.8694241679873731,0.24317813768982888,0.24617336947056984,0.20460315733941065,0.20330889638720287,0.6217653329856694,0.3783598202718551,0.6225723846919007,0.37735330463974,30.838674613452397,15.31342946492529,122.71604216098785,3386.068359375
68,0.0002,5.0,5.0,4.451335036489699,0.8634453225798077,0.23789865432514085,0.2417806328833103,0.20231077960381905,0.19778220772536265,0.6184383527582719,0.3814200628000415,0.6312675007386133,0.3690973694513862,29.757040170190987,15.054055264189754,124.56622554461161,3386.068359375
69,0.0002,5.0,5.0,4.44931229405933,0.8536876919451687,0.2395610008140405,0.24000291986597908,0.19953040838758979,0.20185127042854825,0.6234621832768122,0.37694104488741786,0.6222361329221167,0.37614996815882884,30.74357664606264,14.99543049749588,126.41264313459396,3386.068359375
70,0.0002,5.0,5.0,4.387315917279985,0.8468118260469701,0.2353742722173532,0.2373522741927041,0.1971048868385454,0.2022513519682818,0.626039212325381,0.3742164973066085,0.6185610839879762,0.3822487390782529,29.331361973570395,14.797284732179264,128.2647930900256,3386.068359375
71,0.0002,5.0,5.0,4.416329097482893,0.8650200527740849,0.23602106706963646,0.23821967218485143,0.1969037491455674,0.2008042127235482,0.6319286014926102,0.3679168506253174,0.6221627705544234,0.3775853368683925,29.472288023825143,15.168824937023334,130.1140306075414,3386.068359375
72,0.0002,5.0,5.0,4.384214435418447,0.8528844985200299,0.2353294314775202,0.23560712052716148,0.20002890566674372,0.2037620175464286,0.6205095872034629,0.38138985906223144,0.6208824709792518,0.3782061474943637,29.660792094343343,14.883590698045458,131.96994811693827,3386.068359375
73,0.0002,5.0,5.0,4.342331228521135,0.8620141082505385,0.23152667628394233,0.2330100723604361,0.2038348809795247,0.20286128201728892,0.6204477917765163,0.3793619512491083,0.6228749404350916,0.37802966408780775,29.191405051877823,15.294918115891214,133.82416875759762,3386.068359375
74,0.0002,5.0,5.0,4.3965567933188545,0.8650554184284475,0.2348969438009792,0.23650638860132958,0.19994285092378655,0.20343139679067665,0.6239793332955903,0.37639682228909804,0.618278458930759,0.38058321579825133,30.074339919366132,14.943813506406093,135.67999494870503,3386.068359375
75,0.0002,5.0,5.0,4.379591377311283,0.8604429740375943,0.23454249628716045,0.23474468732045756,0.20471754237595532,0.20204536229578984,0.613390430893956,0.38710752881081845,0.6248559698048565,0.37533761028782464,29.292806976585666,15.050039288150785,137.53604745467504,3386.068359375
76,0.0002,5.0,5.0,4.3489833770857915,0.8637329803821113,0.23177885901596812,0.2334923600488239,0.19981048312452104,0.20432755978571043,0.6260140818026331,0.3742591977621325,0.6202460884147634,0.378711384465116,29.452859459776242,15.192478770682522,139.36827182372411,3386.068359375
77,0.0002,5.0,5.0,4.370709442032708,0.88019509618481,0.23237384640508227,0.23335517750846016,0.19183753015680446,0.20479087055350342,0.6430473518495758,0.35672203981742817,0.613045048173517,0.3867345378589299,30.009553411442425,15.05987020401905,141.1922947327296,3386.068359375
78,0.0002,5.0,5.0,4.292408338122898,0.863318724706769,0.22792228248384264,0.22997335589594312,0.20381437575134137,0.20066281983732348,0.6186390794068575,0.38273790750827175,0.6279029826468063,0.37228339986015474,29.322734775743434,15.146486614275172,143.01834408839542,3386.068359375
79,0.0002,5.0,5.0,4.337330330212911,0.8888948899341954,0.22934240774975884,0.2310022716720899,0.19120646144159967,0.20052078103025756,0.6363045560320219,0.36364692445107116,0.6206738641589052,0.37928675720985566,29.248572511208828,14.699239881316458,144.8428231716156,3386.068359375
80,0.0002,5.0,5.0,4.339103371567196,0.8943147517740726,0.22975864537888102,0.22944043354027802,0.1943799476294468,0.19785553943365813,0.6334517364597155,0.3668500667073143,0.6281005102126963,0.37089089716474216,30.018021514882307,14.906919392685147,146.6741050283114,3386.068359375
81,0.0002,5.0,5.0,4.280827358828651,0.9119037737945715,0.22463824777139557,0.22450821980834007,0.19272862237981625,0.19024424309635327,0.6396945504926973,0.36053470936603843,0.6428192974492494,0.3572514393600108,28.580453789155186,15.23592570875849,148.50203080574673,3386.068359375
82,0.0002,5.0,5.0,4.2232365658548146,0.8670939353273974,0.22374865611394246,0.2237312138908439,0.19682419018406008,0.2019726031480564,0.6294729185342375,0.3697893300272214,0.6242996944114566,0.3759639964012604,28.327901200804302,14.999474530438215,150.32183146079382,3386.068359375
83,0.0002,5.0,5.0,4.178286696539985,0.8589280789759424,0.22112956209315193,0.22161259716583623,0.20004813191584414,0.20826588197921714,0.6265718096432586,0.37330533784603986,0.6113374199428492,0.38862450033788465,27.34502232497904,15.008715771403377,152.14628496170045,3386.068359375
84,0.0002,5.0,5.0,4.2045029674636,0.8540754002994961,0.22309273406863211,0.22390004366636276,0.20037112949829963,0.2011168541138371,0.620473194056087,0.3803618546678788,0.6218237948071005,0.37767769459117617,28.208393113219792,14.860501919480317,153.9687783241272,3386.068359375
85,0.0002,5.0,5.0,4.296556020047929,0.8794480762547917,0.2277757385124763,0.22787011101014085,0.19647191141835518,0.19521621789162358,0.6350134678619603,0.36542436070749923,0.6345588230714202,0.36492341035511344,28.445509199113747,15.346783648661221,155.79012810786566,3386.068359375
86,0.0002,5.0,5.0,4.282389459080166,0.8930042699641652,0.22612598621182972,0.22562506412466368,0.19451153449921144,0.20093483965223033,0.6356403654730982,0.3648953989288243,0.6238352583265967,0.37593707532453763,28.355149834868712,14.975692396516349,157.617705142498,3386.068359375
87,0.0002,5.0,5.0,4.340422004858652,0.9037808682769537,0.22999814843138058,0.22733193271689944,0.1931655788131886,0.18986506212709678,0.6351062235111992,0.36577254931953374,0.641105214447404,0.35771436714981164,28.730582919191633,14.953501446435375,159.4388808767001,3386.068359375
88,0.0002,5.0,5.0,4.189583384195964,0.8683769993318452,0.2208890886273649,0.22246309861540794,0.19758197364914748,0.19990728904803595,0.6280545667569256,0.3709305740872191,0.6265822215212716,0.3722401349608683,28.083276864023517,15.063529996547398,161.26086525917054,3386.068359375
89,0.0002,5.0,5.0,4.217800181706746,0.8875276008910603,0.22259706245528327,0.22086039347781075,0.1962631544760532,0.20163308733453353,0.6348587515784635,0.36481757445332025,0.6231733489347001,0.37704054265444736,28.866811296129352,15.11021727885752,163.08643874327342,3386.068359375
90,0.0002,5.0,5.0,4.200430576536391,0.852224955658118,0.22400140623251596,0.22163831106490559,0.19480468495852418,0.19961696377644936,0.6284446277386613,0.3722317616944201,0.6195633102373944,0.3818311459946239,28.390675065111985,14.52979916041269,164.90884147485096,3386.068359375
91,0.0002,5.0,5.0,4.261141286691029,0.8986934414671527,0.22538875790105925,0.2217120524413056,0.1903356195220517,0.1951094855181873,0.639607370657096,0.3603985711768716,0.634418550874624,0.365092277784004,28.81463987005319,15.01976872119597,166.73518871863683,3386.068359375
92,0.0002,5.0,5.0,4.165075911151038,0.8880923714323177,0.21872586704790592,0.21794497465093932,0.1950869491406613,0.2035208682881461,0.6362748528913491,0.364194881978199,0.6217945840478771,0.3779359526953906,28.095666444775954,15.241398476079496,168.59332939386368,3386.068359375
93,0.0002,5.0,5.0,4.164013994269901,0.8564003469712205,0.22032835553089777,0.2208660179293818,0.1944814005990823,0.19654988599113293,0.6344317070643107,0.3656471247686487,0.6318681522272527,0.3683569557287006,27.721987350220445,14.973542482446941,170.43298188447952,3386.068359375
94,0.0002,5.0,5.0,4.1769627685017054,0.8887806767887539,0.2202421029905478,0.2171522137357129,0.19609590559163026,0.1955836040681849,0.6303897949000303,0.3699464014845176,0.634797742134995,0.36533562699352234,28.531020146781618,15.04675715659028,172.27746309439343,3386.068359375
95,0.0002,5.0,5.0,4.154695342116885,0.8821356597625547,0.21932373972402677,0.21586445616351232,0.1945196189131174,0.2039418644251095,0.6360038477327261,0.3637898991385009,0.6197587980686997,0.37906771671052814,28.197355637231798,15.165914679027757,174.11622415781022,3386.068359375
96,0.0002,5.0,5.0,4.205553378264109,0.8991851198010975,0.22215717784232564,0.21695929513209397,0.18816077638831402,0.19581000519916414,0.6444175667460594,0.3552308402254453,0.6292611674022758,0.37078498453340014,28.8690438321985,14.842763942913688,175.95439639091492,3386.068359375
97,0.0002,5.0,5.0,4.1709062740537854,0.8819224575989776,0.22024261840515666,0.21731152498887646,0.19315639689357744,0.19960311940560738,0.6366383765839662,0.3636277069379058,0.6243459052639082,0.37587849683800917,28.564213474385618,15.022287662640034,177.7989277760188,3386.068359375
98,0.0002,5.0,5.0,4.147006435924106,0.892901316276855,0.2175013104163938,0.2158184032804436,0.1881502346549597,0.19846461247031888,0.645356841865513,0.3554894657573378,0.6282866321105717,0.3709537489141803,27.84999172148974,15.387419777036225,179.6302669564883,3386.068359375
99,0.0002,5.0,5.0,4.104256207413144,0.889152501490381,0.21513634524411626,0.21274805100427732,0.18829374405244986,0.20135776803932257,0.648403541042159,0.35180659551563115,0.6188369628900869,0.3808960299274056,27.343318420666684,15.238543577037591,181.46607478459677,3386.068359375
100,0.0002,5.0,5.0,4.086685217751397,0.890147338575787,0.2133213317559825,0.21266491307980484,0.1938760307824446,0.20460357175622548,0.6354592037819222,0.36530661518869845,0.6168054282582468,0.3836236686575123,27.164597147631312,15.364032792957651,183.30028890768688,3386.068359375
101,0.0002,5.0,5.0,4.115329547723134,0.8889497460756037,0.21663937247461743,0.2119972146799167,0.1882564769126475,0.1988738783573111,0.6431155346985906,0.35671872835968516,0.6231819939199421,0.37765299355249027,27.95959928568112,14.798299682482453,185.13427973588307,3386.068359375
102,0.0002,5.0,5.0,4.169484639432695,0.9068712653219699,0.21826762542128564,0.21598742268151708,0.18714173642090626,0.19859838121053244,0.6499453413879706,0.35115563512757136,0.6288102709201889,0.37132475768625023,28.41926922885834,15.67084868245614,186.96948580741883,3386.068359375
103,0.0002,5.0,5.0,4.035755951669481,0.8748101528485616,0.21175527055230406,0.208678619356619,0.189649663488898,0.20072244136076833,0.6457710776747101,0.35453591909767257,0.6238612201395962,0.37561427001867237,27.925400259727557,15.413598318723784,188.79793829917907,3386.068359375
104,0.0002,5.0,5.0,4.178026510609521,0.9398060598307185,0.2171675661702951,0.21330895495083596,0.18196925670322445,0.1948517160365979,0.6638895350115167,0.33662950487432275,0.6322026333875126,0.36798472342243055,28.30179826860861,15.202705029492904,190.5787958820661,3386.068359375
105,0.0002,5.0,5.0,4.085666359000736,0.907474647992187,0.21290595674680338,0.20982642858392664,0.18573317718174723,0.198309649342878,0.6483687740688523,0.3513496185815893,0.6268921381700784,0.3735271431344639,27.84976595961502,14.913260116337216,192.34290104707082,3386.068359375
106,0.0002,5.0,5.0,4.085690008534326,0.8837862275706397,0.21532230648729536,0.2097361441453298,0.18575062727555633,0.19744285319414404,0.6487171334235204,0.3518211765364847,0.6283782642810709,0.3710061424026369,28.003553714684053,14.85738397715484,194.10800308783848,3386.068359375
107,0.0002,5.0,5.0,4.03588180091646,0.8628098146782981,0.21316753617591327,0.20827932597034507,0.19092364407868848,0.20089614576349657,0.641495667854324,0.3588774507319451,0.6223262976813647,0.37662693082122134,27.938712694804547,15.426584578631111,195.8625858306885,3386.068359375
108,0.0002,5.0,5.0,4.1913461928897435,0.9460321621803773,0.21840432511435615,0.21225415542721748,0.18393117576113177,0.20094471821561455,0.6631825230312016,0.3363878645254752,0.6215251909030808,0.3774356542320715,28.693101869852963,15.460017279519894,197.620781370004,3386.068359375
109,0.0002,5.0,5.0,4.214074485566881,0.9381129247446854,0.21929478680094083,0.21660273924469947,0.18172519380640653,0.19950224861295687,0.6680760425329209,0.33258864606392713,0.6265098782276942,0.37305774353470444,28.370718296201552,15.371882513037725,199.37993275721868,3386.068359375
110,0.0002,5.0,5.0,4.061158059438069,0.8798203151341941,0.21406019964151912,0.20814714873002635,0.18467835081741213,0.19528291237850984,0.6472588891391124,0.3538687612451516,0.6310406975199779,0.3707783187867931,28.752207282437222,14.859580369328278,201.13675069014232,3386.068359375
111,0.0002,5.0,5.0,4.217700911362966,0.933974821832445,0.22158136972122722,0.21358247603807184,0.17929120026321874,0.18535270668359266,0.6593649332059754,0.3404513997638908,0.6463297930484017,0.35310087217904057,28.866439463568167,15.213200609169235,202.89298096497853,3386.068359375
112,0.0002,5.0,5.0,4.1718658214145234,0.9258062047180202,0.21810340873069234,0.21300510606004133,0.18118571591563523,0.19480006119857232,0.6581431867885921,0.3427462618102113,0.6399519025534391,0.3608292318632205,28.92024988597779,15.863601375665802,204.64987764755884,3386.068359375
113,0.0002,5.0,5.0,3.9830733158853318,0.8934962392184469,0.20730279703107146,0.20330982097321088,0.18585329240394963,0.19852043001188172,0.6511693139788177,0.3482686215758117,0.627084641367611,0.37111000391311894,28.03404796042751,15.737897502853953,206.41126129627227,3386.068359375
114,0.0002,5.0,5.0,4.0751333239343435,0.9140190806819333,0.2123880651758777,0.20744671681688892,0.18059740119303266,0.20097670376507773,0.6589794866575135,0.34040620185156717,0.6226819207043284,0.3770875285772814,28.515843896135774,15.661574836635467,208.16797521909078,3386.068359375
115,0.0002,5.0,5.0,4.122570089499155,0.8827751038637426,0.21852762815025117,0.2109037407239278,0.18806304865827164,0.19530490825573604,0.6488418393644194,0.35248793350836627,0.6270463405425349,0.37260431902638325,29.105230441015596,15.757516220181957,209.92028693755466,3386.068359375
116,0.0002,5.0,5.0,4.0148418071534895,0.9218515709208117,0.2077893539186981,0.20301933968232738,0.1870342224008507,0.19835804417522418,0.6491432008478376,0.3513170358878172,0.626839882855614,0.3716553402851827,28.204617835353453,16.02681160856868,211.68885277112324,3386.068359375
117,0.0002,5.0,5.0,3.973993684715695,0.8896537260711193,0.2073464926911725,0.2021750052107705,0.1860173931138383,0.19622461712712216,0.6501866968053703,0.3501752882340063,0.6331742579241594,0.3666440538994761,27.433409488266342,15.3208137374718,213.4424400726954,3386.068359375
118,0.0002,5.0,5.0,4.011510168181525,0.8971105262140433,0.2094125875996219,0.2040547519342767,0.18197338040918112,0.20103957151166266,0.6579357660334143,0.34204687456496885,0.6256812374438676,0.3743346357705175,28.12949833875458,15.615340388669795,215.20077373981476,3386.068359375
119,0.0002,5.0,5.0,4.163239378664229,0.9555216396351656,0.21645513559381166,0.20863327608340315,0.16893441927722758,0.1942045476101339,0.6917691874069473,0.30839986168359046,0.6305550223754512,0.36921051437371516,29.352268236329657,15.594556673645343,216.96343009074528,3386.068359375
120,0.0002,5.0,5.0,4.060352683332232,0.9311514566010899,0.2108075101011329,0.20422522390882175,0.1724226397431145,0.19910908771471844,0.677282905055003,0.3221873673764316,0.6297941388645106,0.370060397927009,29.283850604020337,15.315411239843808,218.7183544278145,3386.068359375
121,0.0002,5.0,5.0,3.934021828174591,0.8812376989920934,0.2050087442083491,0.20053933714826902,0.19373162309949596,0.20118635307790506,0.6350430133100599,0.36550599278882145,0.6198514814426501,0.3800763256815521,27.380466143771667,14.856189994876804,220.4712572455406,3386.068359375
122,0.0002,5.0,5.0,3.9225557017326356,0.8788164300719897,0.20483839061525133,0.19907107280360328,0.19307749029662874,0.1994980190611548,0.6386586505961087,0.36111954754273434,0.620552761134588,0.37935234500961895,27.4028256868096,15.238523573860379,222.23827129205068,3386.068359375
123,0.0002,5.0,5.0,4.031191811826494,0.8967359643595086,0.21148413268228372,0.2039229027678569,0.18255233101132842,0.20217257636288802,0.6548473639662067,0.3463158559544374,0.6230223219365709,0.37590201600868667,27.875448805075457,15.54974797377143,223.99010031620662,3386.068359375
124,0.0002,5.0,5.0,4.0376352503564625,0.9096571039325662,0.2113369783014059,0.20292167363067468,0.1840133986156434,0.1983705474063754,0.6520173718061091,0.34839314347094236,0.6276270796762159,0.3727656583759947,28.463159728765078,15.349013062796896,225.74226241906484,3386.068359375
125,0.0002,5.0,5.0,3.9919452198346455,0.8888759371638298,0.20918049304849573,0.20225287209782336,0.182100671781227,0.20068878368371063,0.65809294357068,0.34271355553659505,0.6259015971142798,0.3734016176228114,27.446158078872863,15.67576741298735,227.50155078172685,3386.068359375
126,0.0002,5.0,5.0,3.919101357989841,0.8988954355319341,0.2031356517556641,0.19776988073355622,0.18612928718328475,0.19893435220337577,0.6498384821332164,0.35010790947949216,0.6196986559178266,0.3796044369407334,26.948189098170598,15.288462342006133,229.2540283759435,3386.068359375
127,0.0002,5.0,5.0,4.016295870674981,0.9097196646531422,0.2094329318818119,0.202449377535118,0.18777831367320486,0.19660622359356947,0.644738013582925,0.3559001096836679,0.629894695499291,0.3686087462392364,27.614379834284083,15.374734491852996,231.00737457275392,3386.068359375
128,0.0002,5.0,5.0,4.060204053190019,0.931379335804118,0.210257408188449,0.20525012612342836,0.1757884103556474,0.1933642051451736,0.6713684321774377,0.3290705286856327,0.6320662622319327,0.36898626014894237,28.69866326472158,15.42477997340895,232.7638283610344,3386.068359375
129,0.0002,5.0,5.0,4.0610307831234405,0.90289181811942,0.21266016777190896,0.20630745732121997,0.1865338264571296,0.20099725479467048,0.6450990495044324,0.3547657088154099,0.6231261734747224,0.375864839906054,28.381962163351037,15.127339079832762,234.51568557421368,3386.068359375
130,0.0002,5.0,5.0,3.8657968062824675,0.8908846028645834,0.2001302248239517,0.19472198963993126,0.18802756184919012,0.200925089025663,0.6470459393411875,0.35277391246550704,0.6192805693422755,0.38060894095688125,26.852169068533836,15.49647122606487,236.2730377316475,3386.068359375
131,0.0002,5.0,5.0,3.9417588011423748,0.9339616381956471,0.20267041612830428,0.19621859972675643,0.18370860958264934,0.19985144856696327,0.6569337422856026,0.3436756652056809,0.6235694870187176,0.3750744750860354,27.007874537496424,15.075973224874348,238.02854387760163,3386.068359375
132,0.0002,5.0,5.0,3.929463218053182,0.9021007022096051,0.20437662796841727,0.19671924524009227,0.18401162896719245,0.1961071102672981,0.6513256797084533,0.3485927929312715,0.6242833281308413,0.3754224457599533,27.836060263713453,14.883246885837167,239.7801681001981,3386.068359375
133,0.0002,5.0,5.0,3.9311272634400263,0.9078740674422847,0.20448247001402908,0.19568569862180285,0.18660288154871926,0.19624317123037247,0.6495295150950551,0.3505982891589196,0.6305768289706773,0.3691247363927929,27.750241036028854,15.156281693702294,241.5351119041443,3386.068359375
134,0.0002,5.0,5.0,3.8891002006000943,0.9039466397464275,0.2014022857281897,0.19422614003221195,0.18161589867331915,0.19812972751135627,0.654062944257425,0.34674142069849445,0.624970433626311,0.3752574038823756,27.043661386374254,15.142880503767238,243.28659437497456,3386.068359375
135,0.0002,5.0,5.0,4.065905381838481,0.9398815967142582,0.2107503289067083,0.2037040982892116,0.17872677326823275,0.19481352047891254,0.6640352126749025,0.3365150660643768,0.6309941950114444,0.36827906679332956,29.01721929225862,15.058191447858128,245.03566700617472,3386.068359375
136,0.0002,5.0,5.0,4.0031577354007295,0.930380595177412,0.20667186798320877,0.20121168904834325,0.1741443492565304,0.19704737304813333,0.6743666841006941,0.3245321755983039,0.6279700713009677,0.37224036009568306,27.603038731833394,15.113857695683837,246.7943825364113,3386.068359375
137,0.00019878787878787878,4.9787878787878785,5.0,3.939129725827111,0.9078858559495873,0.20504640185998546,0.19655265093677574,0.18709508149781162,0.19981842953297826,0.6514961788368722,0.34770156608034286,0.6196945146802398,0.3810087885738661,27.33850164276799,15.246040160823414,248.54267785946527,3386.068359375
138,0.0001975757575757576,4.957575757575758,5.0,4.341949507660336,1.0394131432804796,0.2245256464680036,0.21233981846935218,0.14886850179586975,0.19093580668585167,0.735283815620674,0.2649937493628305,0.643496865613593,0.3564214060889531,30.949418642855104,14.996575983567778,250.29059029420216,3386.068359375
139,0.00019636363636363636,4.9363636363636365,5.0,4.073779673046536,1.0029291298737129,0.2078167770140701,0.1997652066498995,0.15864080047027931,0.1974170090889351,0.7132138737042745,0.2866793491983683,0.6248976010373897,0.37427765323677,27.251496320737424,14.650782494526352,252.04561591943104,3386.068359375
140,0.00019515151515151516,4.915151515151515,5.0,3.9879101461834376,0.9721149857507811,0.20367092273301549,0.1974063044703669,0.1612547807685203,0.19819106224717364,0.7021058863566981,0.29749465603898795,0.6203451951230979,0.3794310949093455,26.890233507380998,14.405861046802633,253.79457841316858,3386.068359375
141,0.00019393939393939395,4.893939393939394,5.0,3.9813631274965076,1.0044868226349353,0.20234392496446768,0.19263969080315696,0.1619110015127808,0.19806115141552355,0.7046228043652243,0.29708911057820336,0.6237676617886043,0.3753063442881426,26.65775169164834,14.687530508552795,255.54917693535486,3386.068359375
142,0.00019272727272727274,4.872727272727273,5.0,4.187807774013943,0.9950128565728664,0.21709616896178988,0.2069114374038246,0.16878321294362347,0.19015150836151506,0.6882889331587487,0.3116543446915845,0.6416055353596393,0.35842246893819213,28.802515288097506,14.61366313669828,257.3037558158239,3386.068359375
143,0.0001915151515151515,4.851515151515152,5.0,3.987891515890757,0.9357972313877609,0.20720737641056378,0.19879277990096145,0.17038883157281412,0.19218944148263997,0.6752112055735455,0.324664962958648,0.638073345204563,0.3620943443096217,27.627988227491645,14.459048875325598,259.05835668643317,3386.068359375
144,0.0001903030303030303,4.83030303030303,5.0,3.9643647389941745,0.9619062455495199,0.20402669235236115,0.19560202399061785,0.16874698408154978,0.19500239245179626,0.6846750584907002,0.31490612894296643,0.6218075903236038,0.3774402325672822,28.429574462087768,14.280749666042949,260.81092060407,3386.068359375
145,0.0001890909090909091,4.8090909090909095,5.0,3.881530345810784,0.8808573469519615,0.20424024896489248,0.19513284348779256,0.18083013008866045,0.1993034710817867,0.6526983362850216,0.3479598270544213,0.6226796523460911,0.3767088698287908,28.14651632092168,14.677609908394064,262.56758757829664,3386.068359375
146,0.0001878787878787879,4.787878787878788,5.0,3.820772371954388,0.8961981912619538,0.19892208051350382,0.19088741740418805,0.17898276782594622,0.20186728199323017,0.6569103676908546,0.3433791436542783,0.6169424818952879,0.38318877555404063,27.274869698039332,14.614175030838863,264.3191676815351,3386.068359375
147,0.0001866666666666667,4.766666666666667,5.0,3.9145498960547975,0.9045825972242488,0.2044639346169101,0.1973420788678858,0.17850425091675587,0.19932146391106975,0.6584275226957268,0.34306206020740015,0.6239859859976503,0.3767289051857208,28.232449825978726,14.84525332427024,266.0715395609538,3386.068359375
148,0.00018545454545454545,4.745454545454545,5.0,3.733396951357524,0.8839906721976069,0.19401318108869922,0.1863414420021905,0.1726100548874173,0.19973477635325657,0.6686062606444789,0.3315218447406854,0.6181615054152078,0.3812913774750713,27.332122149082714,14.718349933411004,267.8250967224439,3386.068359375
149,0.00018424242424242427,4.724242424242425,5.0,3.761957557466295,0.8926070931719409,0.19626803354256683,0.186140799621741,0.18332708175811502,0.1980890362875329,0.6499688456166122,0.34950836847714933,0.6231513532602952,0.376512976014314,26.623040083905014,14.87023689768363,269.5730086366336,3386.068359375
150,0.00018303030303030304,4.703030303030303,5.0,3.782359064684974,0.9102784240742524,0.196172484440936,0.1872751677615775,0.1748753717376126,0.19846447254013683,0.6691074869285027,0.33172447280710915,0.6202241493171702,0.37894652428674613,27.30315095521153,14.950281189835609,271.3257004857063,3386.068359375
151,0.00018181818181818183,4.681818181818182,5.0,3.734941582944658,0.8860388179123402,0.1947609859953324,0.18579769902759127,0.17884072264449463,0.20016613942674466,0.6614968637873729,0.3385810232379946,0.6177469551066558,0.3822824895841768,27.27282542246943,15.303938365366237,273.0802292545637,3386.068359375
152,0.00018060606060606063,4.66060606060606,5.0,3.7781375789642335,0.9091470337907473,0.19662144593066638,0.18650609108308952,0.18211877645303806,0.1985791470689906,0.6516812939176129,0.34824552565683714,0.6204260114062992,0.3794880654740458,27.794883548713536,15.096483886863634,274.8293342471123,3386.068359375
153,0.0001793939393939394,4.63939393939394,5.0,3.764510677125719,0.9150218250519699,0.19531388396190272,0.1855778307467699,0.1761657740858694,0.1970124200731516,0.6580357051956364,0.3421552856408784,0.6274479962512851,0.3723083668234499,27.7090623848346,15.197860185340748,276.5808327039083,3386.068359375
154,0.0001781818181818182,4.618181818181818,5.0,3.832196253935496,0.9323129932665163,0.1987378500898679,0.1891288716180457,0.17575155921073424,0.18919322870671748,0.6667929268380006,0.3343818813530541,0.6372500771408279,0.3639685097308312,27.677204436874348,15.247500311231128,278.3314321875572,3386.068359375
155,0.00017696969696969698,4.596969696969697,5.0,3.756149236096276,0.908877484417624,0.1957696462670962,0.18488557961252,0.18071434578754836,0.1999328661368539,0.6574613941212495,0.3425394714054548,0.6210641125154992,0.3773618744475405,27.44277490231072,15.302264018012373,280.0786092241605,3386.068359375
156,0.00017575757575757578,4.575757575757576,5.0,3.713572505315145,0.9179026744100782,0.1919356495804257,0.18261027779844072,0.17650440706147089,0.1981167345897605,0.6593194996648365,0.34076924797487057,0.6209222823795345,0.37961605336559134,27.086717546724433,15.116190139608538,281.82629257440567,3386.068359375
157,0.00017454545454545457,4.554545454545455,5.0,3.7456067453490363,0.9124193442530102,0.19454166183041202,0.18523864508503013,0.17775185727203885,0.19841471690270635,0.6665042787128025,0.33493608196421215,0.6207186510993374,0.3787079842304229,27.479499172724058,15.574816510962373,283.57910735607146,3386.068359375
158,0.00017333333333333334,4.533333333333333,5.0,3.741749162409041,0.9284962123963568,0.1936138023932775,0.18344614181253646,0.1700825099274516,0.19364887419467172,0.6683345198900336,0.3306526503796017,0.6254558304448923,0.3739535035782804,27.49650537640407,15.18843799685176,285.3272072752317,3386.068359375
159,0.00017212121212121213,4.512121212121212,5.0,3.7694913805855643,0.9461733028458225,0.1939590563956234,0.18532767753634188,0.1774289572238922,0.18683817667886615,0.6647182211776574,0.3351932417434485,0.6398901438009408,0.3599090712362118,27.1970781696506,15.410419691877303,287.0825823227564,3386.068359375
160,0.0001709090909090909,4.490909090909091,5.0,3.7296086724599204,0.9142310542696052,0.19303852417402798,0.18593874940441715,0.17627654041577545,0.20228069867317874,0.6650353852866424,0.3359448722228667,0.6167039374924368,0.38242973318375234,27.54071817130277,15.261442093297314,288.8301022291183,3386.068359375
161,0.00016969696969696972,4.46969696969697,5.0,3.6958784805403817,0.9330485482513905,0.19044382419023248,0.1808277164399624,0.1737152571603656,0.19611500525640116,0.668312708824459,0.3318594871077868,0.6238593396045164,0.3767749214525813,26.981229935143094,15.075110973003373,290.57344122330346,3386.068359375
162,0.00016848484848484848,4.448484848484848,5.0,3.702411818239424,0.9140993620786402,0.1923856249286069,0.18243493834303484,0.17168051584106353,0.19702249764568275,0.6747154415440229,0.3247027564881783,0.6213287768243916,0.37809525952916173,27.956645186886018,15.311319503933381,292.3218702872594,3386.068359375
163,0.0001672727272727273,4.427272727272728,5.0,3.698882150914934,0.923669064839681,0.191222072723839,0.1825658320552773,0.16725635265103644,0.19470240766389502,0.6804527521712912,0.32056921718163517,0.6278780406867412,0.37140239431522787,28.036432332208285,15.2999695803255,294.0709568460782,3386.068359375
164,0.00016606060606060607,4.406060606060606,5.0,3.6256672302881876,0.915297403898504,0.1873905991597308,0.1774224454164505,0.1763547056913376,0.1968169582510988,0.6626106933090422,0.33843507376887527,0.6198888617174493,0.3803247604927876,27.497231394254754,15.279862408327913,295.8398231903712,3386.068359375
165,0.00016484848484848487,4.384848484848485,5.0,3.663140648735894,0.9323032118545638,0.18897545157207382,0.17858118327127562,0.17541224155781998,0.19640932862129476,0.662559422461523,0.3372877504657178,0.6227296944252319,0.37656273058434536,27.012120846067667,15.493848090323036,297.6051482518514,3386.068359375
166,0.00016363636363636363,4.363636363636363,5.0,3.7076977761586507,0.9284079932752582,0.19221379371152983,0.18232604011893272,0.1730461584052278,0.19852450938688385,0.6782615813281802,0.3211070339652037,0.6184115010831092,0.38139271701116945,27.99655529961922,15.429464871372865,299.3532939791679,3386.068359375
167,0.00016242424242424243,4.342424242424243,5.0,3.559911059803433,0.9258838995628886,0.18290399032334487,0.17183467296262583,0.170940677024838,0.1984253903830217,0.6721226626634598,0.3287132910515518,0.6213273696063293,0.37881368713349933,25.95847903830267,15.505381390645686,301.11044160525006,3386.068359375
168,0.00016121212121212122,4.321212121212121,5.0,3.572190839846929,0.9145598426792356,0.18388963662087918,0.174937148226632,0.17464428044234712,0.19677993011764355,0.6645106741951572,0.33558717953983835,0.6208313122215784,0.378960292207905,26.319523563828156,15.473512690186922,302.8652087608973,3386.068359375
169,0.00016,4.3,5.0,3.5881947032610575,0.8957735989656713,0.1861531631151835,0.17782980285584926,0.17649878048958878,0.19928831866424945,0.6592593960795138,0.34097295239024483,0.6185605620737705,0.3816335831225539,27.198310704878516,15.335448135138371,304.6173236290614,3386.068359375
170,0.0001587878787878788,4.278787878787879,5.0,3.688770344257355,0.9589290139244663,0.18992392492791016,0.17849517846273052,0.1725144587084651,0.1890667803813186,0.6721325576305389,0.3278488045120341,0.6308915842655632,0.3688431265190916,27.27307104365402,15.5072310716913,306.3782594482104,3386.068359375
171,0.00015757575757575757,4.257575757575758,5.0,3.62974097887675,0.9160100027090974,0.188672316753202,0.17804318327870633,0.17333217048603627,0.19952316601864165,0.6690661759177844,0.3309017334083425,0.6179817078469528,0.38206553176355856,27.51790433805972,15.802646751279818,308.1299145420392,3386.068359375
172,0.00015636363636363637,4.236363636363636,5.0,3.5864662636650935,0.9236369371745321,0.18505009029474523,0.1749821019089884,0.1758584271805982,0.19678178988811043,0.662476082249648,0.3380930055462199,0.6198617787876477,0.3794792233986987,27.436915792353968,15.401186375717407,309.8795463045438,3386.068359375
173,0.00015515151515151516,4.215151515151515,5.0,3.6407279606660206,0.9234708316789733,0.18909651497999827,0.17827242638501856,0.1656604409383403,0.1932604857513474,0.6780645381410917,0.32181116172811014,0.6254353751821651,0.3746167748889679,27.877003856843658,15.457343106637552,311.63950613339745,3386.068359375
174,0.00015393939393939393,4.193939393939393,5.0,3.5675579324033526,0.9075401608149211,0.18489434604843458,0.17545917307337125,0.1805249093555742,0.19835516165941955,0.6564838474036919,0.34307109897974847,0.6232263160124422,0.3766089541801355,27.389544579969282,15.657431652576218,313.3884721875191,3386.068359375
175,0.00015272727272727275,4.172727272727273,5.0,3.545339907805125,0.9104215678241517,0.18360787321296004,0.1731087791836924,0.17553535419412786,0.19588965342483586,0.66258067333036,0.33816569776914546,0.6211240415026744,0.37872495827071057,27.018826866867983,15.334746529345692,315.13584360678993,3386.068359375
176,0.00015151515151515152,4.151515151515151,5.0,3.5467784447140165,0.9191266107228068,0.1834714829011096,0.1724565576761961,0.17198950163606141,0.19171206660361753,0.6687494102782673,0.33147184090727627,0.6275044230206145,0.3716800074272841,27.95610733526631,15.098833615223104,316.89280478954316,3386.068359375
177,0.0001503030303030303,4.130303030303031,5.0,3.5276849489741857,0.9015391678031948,0.18349185925390984,0.17224230266279644,0.17468010633769962,0.1951776963762111,0.6619096586604913,0.3381955721974373,0.624657612126741,0.37539453712188536,26.950567142955858,15.255337190802392,318.6461514433225,3386.068359375
178,0.0001490909090909091,4.109090909090909,5.0,3.572891960673862,0.9285070394641823,0.18484428862730662,0.17366600315603944,0.16790225023610725,0.19434203940133254,0.6808805621911759,0.3192589758033379,0.6232862908972634,0.37700196624086757,27.740259161464717,15.321493201133487,320.3956675887108,3386.068359375
179,0.0001478787878787879,4.087878787878788,5.0,3.551668231487274,0.9293673857218689,0.1836207569224967,0.1722481749786271,0.17234357653185725,0.1997620128074454,0.6755093171861437,0.32383347853711003,0.6182612050241895,0.3821209177069573,26.73935958669044,15.315541188954546,322.1490776022275,3386.068359375
180,0.0001466666666666667,4.066666666666666,5.0,3.5192175504896377,0.9107246038731601,0.1822620935158597,0.17232970452970928,0.16721788234594795,0.19183866299481855,0.6748574050528825,0.3265208003274165,0.6277683751084583,0.37100652306547593,27.02216814410421,15.290977710285743,323.9017011205355,3386.068359375
181,0.00014545454545454546,4.045454545454546,5.0,3.5013293393452964,0.8920648016449478,0.1822540594720178,0.17314970951941278,0.1708516963498874,0.19826222282523911,0.6677696187483768,0.3307744600639368,0.6167840636852715,0.38361187239281,26.46306865169341,15.552810325129661,325.6516314784686,3386.068359375
182,0.00014424242424242425,4.024242424242424,5.0,3.5008686153093973,0.9259150263170401,0.17994309385617574,0.170880894627836,0.16791143831900424,0.19388564203141465,0.6738815644052294,0.3267591482120204,0.6259315069102579,0.3730469418287329,27.195838710147488,15.624124112002097,327.40674945513405,3386.068359375
183,0.00014303030303030302,4.003030303030303,5.0,3.6029876658651565,0.9731426307972935,0.18396993132929007,0.1750550548815065,0.17004823109548953,0.19181257407491406,0.681620426931315,0.3181576564399681,0.6307987870731288,0.3692976958620259,28.310024007773357,15.790127872672844,329.15247054100035,3386.068359375
184,0.00014181818181818184,3.981818181818182,5.0,3.6319670208295185,0.9924584086570475,0.18525872954063946,0.17508419938385486,0.1586788764823642,0.19307198301578563,0.706297894269228,0.29299571785907674,0.6273509505991307,0.37298966034545933,29.285506889631424,15.149720682309955,330.90364944934845,3386.068359375
185,0.0001406060606060606,3.9606060606060605,5.0,3.6333322903845047,0.9959395970238579,0.18491092318462002,0.17529776642719905,0.16229989998353025,0.19479020175213616,0.7051157886121008,0.29408020984122735,0.6215834882855416,0.37681431827549305,27.276657716431185,15.000493772555464,332.65450307925545,3386.068359375
186,0.0001393939393939394,3.9393939393939394,5.0,3.655130327542623,1.0059564453860124,0.18584564608004359,0.17625421181321144,0.15373282269471222,0.18894397420601713,0.7082095600126518,0.29152159040069414,0.6289831194198794,0.3709796735070025,28.45221809623136,14.429373925895453,334.40234590768813,3386.068359375
187,0.0001381818181818182,3.918181818181818,5.0,3.6445044544008045,1.0536795233852334,0.18184599835839538,0.17257454799281227,0.14950994219630956,0.1858452464805709,0.7290385582049688,0.26962062694002975,0.6401607297666164,0.3604188574922995,25.915556853480503,14.78829877455718,336.1496627648672,3386.068359375
188,0.00013696969696969696,3.896969696969697,5.0,3.5746601117981807,0.9479541454215844,0.18467101470463806,0.17379302374190755,0.1652112397706757,0.1873003170080483,0.6788641330434216,0.32212302131455445,0.6390835010550089,0.35998983259577977,27.041396129967886,14.412094479403809,337.90122221310935,3386.068359375
189,0.00013575757575757575,3.875757575757576,5.0,3.519807994895511,0.9552120481597053,0.17998405932552286,0.17179396073851322,0.1627330986679428,0.18917369487384955,0.6803640179667207,0.32046622997537877,0.6336286878503031,0.36728807784306505,25.832621100776368,14.735507919461089,339.6516819993655,3386.068359375
190,0.00013454545454545455,3.8545454545454545,5.0,3.477353341579437,0.9378865372803477,0.1785039028359784,0.16951787318620418,0.16477701224800614,0.18774167008284065,0.6740813092970186,0.3259936552960426,0.6292393021285534,0.3699915670215463,26.50029681509767,14.909978971961504,341.39972958167397,3386.068359375
191,0.00013333333333333337,3.8333333333333335,5.0,3.5556685761610667,0.9727600533266862,0.1815752080662383,0.17301014696558317,0.16224945983952946,0.18700538758395446,0.6837348707020283,0.3156372577645622,0.6343296370420851,0.3650797152224307,27.518895538526913,15.174314332951816,343.1479804555575,3386.068359375
192,0.00013212121212121213,3.812121212121212,5.0,3.437538054121865,0.9152698124945163,0.1772545952267117,0.16917209783362017,0.16584638745006589,0.19559484844406447,0.6751101876298586,0.3253648292307561,0.6228345031084286,0.37863788260146974,26.429110150685432,15.61085624647514,344.89615819454195,3386.068359375
193,0.00013090909090909093,3.790909090909091,5.0,3.49211536248525,0.9608855201635096,0.17877171765598987,0.16792380722860495,0.1644109922937221,0.1960538958116538,0.676893240544531,0.3236153875623778,0.6224342952171962,0.37754363079193154,26.767168124350768,15.576823458741522,346.644073732694,3386.068359375
194,0.0001296969696969697,3.7696969696969695,5.0,3.4515419047408633,0.9527328421506617,0.17624102618959214,0.16681173188818826,0.16608806010956564,0.18517483131753074,0.6816149604900016,0.3189267937812838,0.6382381239367856,0.36082365424035945,26.520494160766752,15.782418381722172,348.39328772624333,3386.068359375
195,0.0001284848484848485,3.748484848484848,5.0,3.39897134648429,0.9267576577762763,0.1747899097783698,0.1643164416650931,0.16899505209488172,0.19672828544759088,0.6731672115354902,0.3273712476252371,0.6209177535275618,0.3785809045124592,26.624728015405562,15.812340472968744,350.1393578807513,3386.068359375
196,0.00012727272727272728,3.7272727272727275,5.0,3.445635946591695,0.9305433363053534,0.1775235187096728,0.16820850200123258,0.1677819760516286,0.19730138293984864,0.6727617359865042,0.3269192004012358,0.6165537580019897,0.3844004393237022,26.559229404061018,15.690546765474021,351.887173529466,3386.068359375
197,0.00012606060606060608,3.706060606060606,5.0,3.4433557425604926,0.9196726512743367,0.17903642293479707,0.16730746805667876,0.16302104773620765,0.19190343602870902,0.6815122134569619,0.31879915283110877,0.6233860187108318,0.376182740144949,27.802597112646026,15.973486042972146,353.6353268702825,3386.068359375
198,0.00012484848484848487,3.684848484848485,5.0,3.4327404559983146,0.9323538909521368,0.1768396134922902,0.16769303604960442,0.1604416858156522,0.1992395843544768,0.6873130858358409,0.3127137523656711,0.616032029537083,0.38386178460075626,27.15541884164674,16.566091000923564,355.3802742322286,3386.068359375
199,0.00012363636363636364,3.6636363636363636,5.0,3.4225932663016847,0.9294496347010136,0.17667494124836391,0.1662377167907026,0.16517925273006162,0.19272767203756505,0.679077697041341,0.32042794112116096,0.6225967083291875,0.37713385844654923,27.213191606213893,16.450657716941876,357.1286101380984,3386.068359375
200,0.00012242424242424243,3.6424242424242426,5.0,3.3867693669266172,0.9144806955589189,0.1750710694740216,0.1652550348970625,0.16773639037687746,0.19398772563164432,0.6717324349046168,0.32855906741460783,0.6206090442670716,0.37932933871789526,26.904115135112317,16.103490867950466,358.8819863438606,3386.068359375
201,0.00012121212121212122,3.621212121212121,5.0,3.368992893960741,0.9239080878264374,0.17411081213090154,0.1617710563706027,0.16220361308298178,0.1936324902334147,0.6824773469898435,0.31688965203706176,0.6242596095303694,0.3754659457081774,26.59002141194253,16.41618228927164,360.62621915340424,3386.068359375
202,0.00012,3.5999999999999996,5.0,3.489886040290197,0.9762886026832792,0.17819791302084922,0.1687131677650743,0.16534000100567936,0.19597044291595617,0.6898377118963335,0.31082623571008705,0.6202163399135073,0.3783804507087916,28.177541196557144,16.301055763465367,362.3738073348999,3386.068359375
203,0.0001187878787878788,3.578787878787879,5.0,3.3691097354888915,0.942683758172724,0.17229782324698237,0.1629276989897092,0.1568701314719187,0.19751721347475218,0.6920187343988153,0.3077499521981614,0.6181078298638264,0.3819336936591814,27.072606516905676,15.986452169941975,364.1228949268659,3386.068359375
204,0.00011757575757575758,3.5575757575757576,5.0,3.3751251482963562,0.9433488893840049,0.17299708935949537,0.16247822605901294,0.16392203515602483,0.1947977816644642,0.6794854510078827,0.3213537953934024,0.6167461572918627,0.3833322329281105,27.327819943249864,16.087792097995013,365.8672834436099,3386.068359375
205,0.00011636363636363636,3.536363636363636,5.0,3.4133700946966807,0.931778171542618,0.17656731852226787,0.16535456496808265,0.1659580591869437,0.19450108774006367,0.6776410635850496,0.3233633045300505,0.6212468031535132,0.37850557264768414,26.852166240667547,16.552799463008373,367.614834189415,3386.068359375
206,0.00011515151515151514,3.515151515151515,5.0,3.461285638941659,0.9595350952115324,0.1782807263152467,0.1675585581527816,0.15946345437318088,0.19131619263647331,0.6869394964476426,0.31336594375073523,0.627539154133863,0.3724701102843715,29.01050209343306,16.434698096246443,369.36309395631156,3386.068359375
207,0.00011393939393939394,3.493939393939394,5.0,3.389344019757377,0.9422091664208306,0.17499774917960167,0.1627643625686566,0.16391662673817742,0.1924696007122596,0.6828090374916792,0.3179520692701529,0.6240493131460001,0.3764595444769495,28.50465133821177,16.819873705985902,371.10601704518,3386.068359375
208,0.00011272727272727275,3.4727272727272727,5.0,3.4036844776736364,0.9406413481798437,0.17590685387452443,0.1648256181925535,0.15809575973182088,0.19436594111224015,0.6891215345015128,0.31014786029816604,0.6162567486779558,0.38282465569597357,27.916536350274082,16.392609571048983,372.85706767638527,3386.068359375
209,0.00011151515151515153,3.451515151515151,5.0,3.357628580464257,0.9166661603914367,0.17367179966635174,0.16518262914485402,0.16292547150825462,0.19298389305257135,0.6841720278975036,0.31625726004936344,0.623431347914868,0.3774253712511725,27.604885685066687,17.175184872713505,374.6007405002912,3386.068359375
210,0.00011030303030303031,3.43030303030303,5.0,3.345445084704293,0.919312703071369,0.17320602314339745,0.16250561382207607,0.17097865358615916,0.19120441218631135,0.6710371627244685,0.3294068174325447,0.623806122833242,0.3754670961997989,27.574866652517596,17.06672034342123,376.34410651922224,3386.068359375
211,0.00010909090909090909,3.409090909090909,5.0,3.29951159980562,0.9121784775124656,0.1709554774231381,0.15962048111690416,0.1644252953812894,0.1921187492604885,0.6751950027628077,0.3248798024877518,0.6236524005896515,0.37573427848233326,26.4474589961014,16.66665845000025,378.0915716211001,3386.068359375
212,0.00010787878787878787,3.3878787878787877,5.0,3.288515972296397,0.9126849564909935,0.17020946513447496,0.15921647946867679,0.17088879944549668,0.19100110107204982,0.6671087093816863,0.3329414377250295,0.6247115499898791,0.37460319522134444,26.852350222901666,17.234435799734438,379.83515143791834,3386.068359375
213,0.00010666666666666667,3.3666666666666667,5.0,3.3205794001950157,0.9317707760300902,0.17087627187371254,0.16111973176399866,0.16985000431330669,0.19650826091567675,0.6716985602221556,0.32898077494904604,0.6162627752125264,0.3842442363811036,26.976068171269112,16.989590203490916,381.57718700965245,3386.068359375
214,0.00010545454545454547,3.3454545454545457,5.0,3.2996009741889107,0.9365221523741881,0.16931288330919214,0.15916703794565465,0.15844509060184161,0.19133979244364632,0.6890033521668778,0.31141605073042833,0.6254625442127387,0.3741613271816944,26.85840748069486,16.787283530987406,383.3252291719119,3386.068359375
215,0.00010424242424242425,3.324242424242424,5.0,3.3059682517581517,0.9366692905293571,0.16995249146388636,0.15948038128515085,0.15879822840086288,0.1966532371731268,0.6929948788446685,0.30688806301571375,0.6164976613368425,0.38367413327925737,26.527913529402117,16.695585944325536,385.0738751451174,3386.068359375
216,0.00010303030303030303,3.3030303030303028,5.0,3.2781161897712283,0.9277693389190568,0.1685457978480392,0.15820770781073307,0.1595566254771418,0.19263107953179215,0.6855132027073867,0.31441017568098484,0.6219108509779391,0.37774466011362773,26.4485878300593,16.650191829612766,386.82084796826047,3386.068359375
217,0.00010181818181818181,3.2818181818181817,5.0,3.3109122204780577,0.93292552974489,0.17062203032275042,0.16024525493383407,0.16328628936368558,0.19191722001466485,0.679313246069683,0.32027556078624914,0.6266913117716709,0.37290760285841923,28.286676849470563,17.19855525580849,388.5699364860853,3386.068359375
218,0.00010060606060606062,3.2606060606060607,5.0,3.280647081269158,0.9301617823375596,0.1689440497590436,0.1584139126456446,0.16224116129179797,0.19047135489682357,0.6787164495388667,0.32202454107326856,0.6254341458415406,0.3738620105577219,27.69340429075306,17.177606739827535,390.31621526877086,3386.068359375
219,9.939393939393939e-05,3.2393939393939393,5.0,3.2928116448720295,0.9334833714365959,0.1697397031966183,0.15878903917968273,0.15994139516726136,0.19290116971151697,0.6837722286623386,0.3162850671646366,0.6217038263214959,0.37897517073563197,28.13323075570325,17.405080932638526,392.06257102489474,3386.068359375
220,9.81818181818182e-05,3.2181818181818183,5.0,3.280255194240146,0.9499905494683318,0.16740533985197545,0.1579462230619457,0.1650464862295323,0.18975522419851687,0.6784677701381345,0.3219714669814453,0.6244828678098404,0.3752857624527274,27.99040091045174,17.42272584096101,393.80888842344285,3386.068359375
221,9.696969696969698e-05,3.1969696969696972,5.0,3.287223372724321,0.957952901257409,0.1681393228057358,0.1569714752998617,0.15827818002758753,0.18921794231153197,0.687449099380109,0.31202299349359236,0.6261662885215548,0.37415727540811833,28.13415510009482,16.923379498934906,395.55331375598905,3386.068359375
222,9.575757575757576e-05,3.175757575757576,5.0,3.237464386622111,0.9285317791170544,0.16629216917686993,0.15621104925043053,0.16146861920961075,0.1896690443178846,0.6872517736173338,0.3139673137748873,0.627291850931425,0.37151886083728947,26.247018785655115,17.19229580788631,397.30250070095065,3386.068359375
223,9.454545454545456e-05,3.1545454545454548,5.0,3.2332862871223025,0.9429398025737868,0.16563067456086478,0.15421321355634265,0.161174738407135,0.18866245462662645,0.6848459102834265,0.3133204636414949,0.6278339722773267,0.3722582116454012,26.58144173021449,17.150180276965553,399.05375489791237,3386.068359375
224,9.333333333333334e-05,3.1333333333333333,5.0,3.219336219098833,0.9389363488389386,0.1648671434405777,0.15383746710088517,0.15278532185488278,0.1906212453254395,0.6970358460065391,0.30348346672543103,0.6257746183021098,0.3750051891802448,28.107243710827756,16.90928156300808,400.8081989645958,3386.068359375
225,9.212121212121212e-05,3.1121212121212123,5.0,3.2640447604656218,0.954921926955382,0.16685068858166535,0.15606506131589412,0.1648921827454534,0.19007245760204064,0.6802295771737893,0.3203192672203295,0.6247716582235363,0.375814370178721,27.612419251386736,17.739787239089747,402.57577661275866,3386.068359375
226,9.090909090909092e-05,3.090909090909091,5.0,3.209008821778827,0.9340428350037998,0.1646827850656377,0.15359072147972053,0.15864464095690184,0.19266477959437503,0.6845616864826944,0.31449684340894846,0.6201973324600193,0.37901733072105953,27.323655085074876,17.270608564553626,404.33033657073975,3386.068359375
227,8.96969696969697e-05,3.06969696969697,5.0,3.2390397708945806,0.9193068799624841,0.16709427037172847,0.15873684802816973,0.16092030894011258,0.18964387961145904,0.6843611851748493,0.31596455204630425,0.6251226275000308,0.37516758354535945,28.418885857780573,17.65064214495597,406.0777381857236,3386.068359375
228,8.848484848484848e-05,3.0484848484848484,5.0,3.2334627068042754,0.9449189757638508,0.16546021111309528,0.15547060564988188,0.15799314070699944,0.18685739132679172,0.6907662508057223,0.3094058749223283,0.6303432757200467,0.369956370205101,28.32376039296594,17.440726453242153,407.83159058888754,3386.068359375
229,8.727272727272728e-05,3.0272727272727273,5.0,3.223121887312995,0.9499035437073973,0.16458790463705858,0.15464799436430135,0.15350081775337457,0.19158132850089007,0.694227740118901,0.30589516710942716,0.6239327882809771,0.3756632216792786,27.39584100047716,17.4851922270319,409.5850943764051,3386.068359375
230,8.606060606060606e-05,3.006060606060606,5.0,3.2779857469929587,0.963590979559554,0.16724416111078527,0.1581851961215337,0.1543268744668199,0.1872468827540676,0.6951585988850436,0.3056785496601434,0.6261225308146742,0.37347382940558926,28.446658823272635,17.218135432141565,411.33109450737635,3386.068359375
231,8.484848484848485e-05,2.984848484848485,5.0,3.258760932021671,0.9696021245916685,0.1654022387166818,0.157196664934357,0.1578032780624926,0.19013589972216222,0.6935358860012558,0.30716888192911734,0.6272588484154807,0.3720438486397163,28.507319883105012,18.333663091814095,413.0854257822037,3386.068359375
232,8.363636363636365e-05,2.963636363636364,5.0,3.2748033167256247,0.9572658107843663,0.1675891307161914,0.15874760186506642,0.15895717203617096,0.19227010453119875,0.6843446736037732,0.31469026735492256,0.6215423796118962,0.3786321685815023,28.023236307310828,17.607029662676766,414.8285054763158,3386.068359375
233,8.242424242424243e-05,2.9424242424242424,5.0,3.195629185040792,0.9518742792473899,0.16310440689325334,0.15276540513667797,0.1583436896258758,0.18662497406618464,0.6885280043639553,0.31168301992393227,0.6292265319824218,0.37094753364540844,27.942443166419036,17.723686594686715,416.57772328853605,3386.068359375
234,8.121212121212121e-05,2.921212121212121,5.0,3.199394538005193,0.960638592309422,0.16301566793686814,0.1523828283449014,0.15779773777350783,0.18796262657683757,0.6892892306215234,0.3105427804480617,0.6263490613301596,0.3723010111253502,26.702835125973717,17.689051133975656,418.3302737394969,3386.068359375
235,8e-05,2.9,5.0,3.238669761949115,0.9564248393476009,0.16588820725679398,0.15540766198601988,0.154695475122167,0.1909810348538061,0.6920869534214338,0.3083037520721943,0.624160327795479,0.376979492841185,27.80142322452711,17.637938436892185,420.08037186861037,3386.068359375
236,7.878787878787879e-05,2.878787878787879,5.0,3.220274014340507,0.9369837149149842,0.16547574847108787,0.15703195460968547,0.15556417073433598,0.1838823175119857,0.6965448395659526,0.3031540455749362,0.6326138269735707,0.36671612542640003,29.09570573174646,17.702148594488996,421.82516720692314,3386.068359375
237,7.75757575757576e-05,2.857575757575758,5.0,3.2017086189323,0.9554337571726905,0.16350517628921402,0.15374558707078298,0.15887815550900997,0.18679750833246442,0.6882664714919197,0.31196360218526226,0.6298203166822592,0.3704524043838804,29.276899609076693,17.800934502461462,423.57149124940236,3386.068359375
238,7.636363636363637e-05,2.8363636363636364,5.0,3.2044941980308956,0.9587081766294109,0.16349875909586747,0.15384454167551465,0.156197365147786,0.18967791471216414,0.6967667716079288,0.30402577520813795,0.6254701741122537,0.3749870448342214,28.80732269394436,17.83711556798955,425.32712595860164,3386.068359375
239,7.515151515151515e-05,2.815151515151515,5.0,3.1793847669495476,0.9760837393667963,0.16118137107127242,0.15053139189051257,0.15318772163656022,0.1893478441486756,0.6957892487736211,0.3043670312637955,0.6239665409508679,0.3757105461663256,27.82852609704616,17.61684303027143,427.08120258251824,3386.068359375
240,7.393939393939395e-05,2.793939393939394,5.0,3.132532758315404,0.9591660736335649,0.15881582140094705,0.14902348296509849,0.15565165714050333,0.19649344514227576,0.6887281593183676,0.31109598675390265,0.614709278833535,0.38424023651104006,27.33490945420113,17.977211921843832,428.8331538001696,3386.068359375
241,7.272727272727273e-05,2.772727272727273,5.0,3.1702520276440516,0.9488771090242598,0.1622196110420757,0.1523511059085528,0.15460557943623926,0.18499047501633564,0.6932346693095234,0.30719992076822866,0.6272329129609797,0.3735128420624986,27.933892310545755,18.264914024874166,430.5897094209989,3386.068359375
242,7.151515151515151e-05,2.7515151515151515,5.0,3.1715397825506,0.9538511160512765,0.16227241954869695,0.15193260297179223,0.16354733175494604,0.191522522241705,0.6759523928993278,0.3240619638039627,0.6213759960412669,0.3779733352021625,28.121030634325482,18.700353797191582,432.34719649950665,3386.068359375
243,7.030303030303032e-05,2.7303030303030305,5.0,3.154027376174927,0.9589817062682575,0.1610502513580852,0.14988695555263096,0.14933642618358134,0.18627775866952206,0.6976089702049891,0.3029105832743355,0.6276567723353704,0.37277213521508706,28.544683894969445,18.256643988293597,434.0898951729139,3386.068359375
244,6.90909090909091e-05,2.709090909090909,5.0,3.1322542372014786,0.961997066984574,0.15884605467319488,0.1495286231405205,0.15743489316354195,0.18728017138110267,0.6891120805425777,0.3120147122630604,0.6287941056531337,0.3705285679160928,27.551571245757014,18.370034142916097,435.8397714138031,3386.068359375
245,6.787878787878788e-05,2.6878787878787875,5.0,3.1394035334057278,0.9622962273326185,0.16011723509265316,0.14867831964459685,0.15182396159403855,0.1849680380212764,0.6993805755343702,0.30018057439260803,0.6302572104003694,0.36990113767200256,28.203214503456344,18.360872520818166,437.5909495353699,3386.068359375
246,6.666666666666668e-05,2.666666666666667,5.0,3.142808402511809,0.9714183184504509,0.1596051180859407,0.14903388547400634,0.15246072709974315,0.1856384537782934,0.6966792831818263,0.3039270200929584,0.630401325126489,0.3691881114896387,28.37489098201572,18.44558937543928,439.33370426893237,3386.068359375
247,6.545454545454546e-05,2.6454545454545455,5.0,3.1438964466253916,0.9559561945166852,0.16003952695263757,0.15219715645743742,0.15559361901134253,0.188290622352312,0.6902906766202714,0.31003957975148094,0.6251783462531036,0.37574918145158637,29.426686211065103,18.402856247305888,441.0870241165161,3386.068359375
248,6.424242424242424e-05,2.624242424242424,5.0,3.0895666115813785,0.9331693415343761,0.1580783288511965,0.15068913262751368,0.15361140511309107,0.190813364552127,0.693676986499793,0.3050332104401766,0.62055631722841,0.37912425751901335,28.467734701185982,18.786710451011654,442.8361338575681,3386.068359375
249,6.303030303030304e-05,2.603030303030303,5.0,3.066501690149307,0.9378305762840642,0.15676677331328392,0.14745759579042594,0.15839897903096345,0.19344338481211,0.6848575704627566,0.31577564572915434,0.6144458457330862,0.3858694446961292,28.720353453026004,19.12415895630774,444.579416847229,3386.068359375
250,6.181818181818182e-05,2.581818181818182,5.0,3.085560417705112,0.9507246086001396,0.15709343548450205,0.14803066425853306,0.15543112287504807,0.18878838112991717,0.6916784933871694,0.3094738862161305,0.6227157961328824,0.37714162977826265,27.946972006165815,18.61423141005749,446.3304147640864,3386.068359375
251,6.06060606060606e-05,2.5606060606060606,5.0,3.1241250399748486,0.9605687196883891,0.15888751714593835,0.15027816583712897,0.15410825417894455,0.18946785882943207,0.6933652729127142,0.3063460667621338,0.6226945869376262,0.3764428727186492,29.439863030178774,18.965131671284997,448.07961635192237,3386.068359375
252,5.93939393939394e-05,2.5393939393939395,5.0,3.099925471014447,0.9422895738979181,0.15883625702725515,0.14896956292291483,0.1543353494991445,0.1841748111674355,0.6925767423874802,0.30631603429602466,0.6299024524291357,0.371310137059255,28.814718994568537,18.657947800286138,449.8233601967494,3386.068359375
253,5.818181818181818e-05,2.518181818181818,5.0,3.0724559101793503,0.941121880610784,0.15701132233772014,0.1474692909585105,0.15392725536392796,0.18681140997343593,0.6922748708973329,0.3094075304717343,0.6283425385049648,0.3696750688004411,29.02993004681664,18.60773913269763,451.5724720875422,3386.068359375
254,5.696969696969696e-05,2.4969696969696966,5.0,3.094366963704427,0.9527802434729206,0.15735927710102665,0.149745919464363,0.1510451195947826,0.19344846501532528,0.6943950476414628,0.3047256150491173,0.6196776348518,0.3803940286342469,28.523925133299123,19.3036776966362,453.32048242092134,3386.068359375
255,5.5757575757575766e-05,2.4757575757575756,5.0,3.087037743859821,0.9508345608909925,0.15704634334478113,0.14982202430566152,0.15095063897056712,0.18780953834247258,0.6940073616057635,0.3073887383581718,0.6232472130076753,0.3757018528692424,29.3442723238948,18.876924767552477,455.0465301473935,3386.068359375
256,5.4545454545454546e-05,2.4545454545454546,5.0,3.1233693646060097,0.9787502661347389,0.15791578728291725,0.15001038373344475,0.1485703129476557,0.18486696268328362,0.7035287485023339,0.2967203710536059,0.6338776344971524,0.36704441723724207,29.519328402085723,18.6174843350795,456.80179067452747,3386.068359375
257,5.333333333333335e-05,2.4333333333333336,5.0,3.0992774980598026,0.9672192291087575,0.15711805948780644,0.149186042646567,0.15575927816538346,0.19020150253135298,0.6875274551577039,0.3116254910270477,0.6213354695831529,0.379756612942567,29.982717346422962,19.31156677191014,458.59028497934344,3386.068359375
258,5.212121212121213e-05,2.412121212121212,5.0,3.0721678535143533,0.9576669087840451,0.1562200258175532,0.14761674451331297,0.1524009974921743,0.19275514107404484,0.693946593693561,0.3063027194393928,0.616382682679428,0.38260095427223456,29.33637069889532,18.886058637689825,460.3198480923971,3386.068359375
259,5.090909090909091e-05,2.3909090909090907,5.0,3.0938233655028875,0.9684459369381269,0.15695584769878124,0.1485414834651682,0.15299267989479834,0.1858534689909882,0.6945080632468065,0.3062385727284709,0.6281220076150364,0.3715324759615275,29.30835992712216,19.36308514132976,462.03132209777834,3386.068359375
260,4.969696969696971e-05,2.36969696969697,5.0,3.0232507859336004,0.9547452495495479,0.1534285056259897,0.14414872244000435,0.14674681956569355,0.1865996123208768,0.7008319333030117,0.29847340756742696,0.6258697556124793,0.37522361134696336,29.15857830261053,19.009460432771125,463.69721434911094,3386.068359375
261,4.848484848484849e-05,2.3484848484848486,5.0,3.0384620353910656,0.9377067217561934,0.1552712492727571,0.1469429205937518,0.1468228273611102,0.18979784983934628,0.7033276296655337,0.29664594257179283,0.6199149263236258,0.3796530706161219,29.24054177949919,19.107017882801486,465.4327847719193,3386.068359375
262,4.727272727272727e-05,2.327272727272727,5.0,3.063546887901094,0.9648642243610488,0.15566132283045186,0.1469163652509451,0.1498800324007041,0.18618394523445103,0.6984503540893395,0.30222032494170387,0.6273597175545162,0.37343947355755114,30.48824912670079,19.525878074910974,467.2869933883349,3386.068359375
263,4.606060606060607e-05,2.306060606060606,5.0,3.0761646144919927,0.9873858814272616,0.15511300984356138,0.14645743096040356,0.1529081190087729,0.18013640629334582,0.6929925079064236,0.3063587241425153,0.633075696354111,0.366684637967911,30.47248748651591,19.66248492390218,469.1302593747775,3386.068359375
264,4.484848484848485e-05,2.2848484848484847,5.0,3.045862879620658,0.9791148003604677,0.15340834703710343,0.14531207348737452,0.15179791509898172,0.18808637296884423,0.6959722879777352,0.3038912730658194,0.6251714874390099,0.3748056025016639,29.727872711444352,19.699526600081622,470.95647251208624,3386.068359375
265,4.363636363636363e-05,2.2636363636363637,5.0,3.0148416511217753,0.9545357239411937,0.15306533633834785,0.1448478541854355,0.15032252978533506,0.18811577456899814,0.7003682351940208,0.3003875551571966,0.6235617793434196,0.3754383762408462,28.835688847470237,19.9375097067102,472.80332918564477,3386.068359375
266,4.2424242424242436e-05,2.2424242424242427,5.0,3.0061719155311586,0.944272699687216,0.15356474747260412,0.1441047632280323,0.1471121971371273,0.18539222931075428,0.702896311390731,0.29717513235589854,0.6284056691908174,0.372383782102002,29.48410003513058,19.57014305586559,474.4623108108838,3386.068359375
267,4.1212121212121216e-05,2.221212121212121,5.0,3.0278585282961528,0.9651679162349965,0.1531788588894738,0.14516864841183028,0.14638946845506629,0.19062612278800872,0.7035796476403872,0.29590547231103603,0.6206147952046659,0.3782621506270435,31.279963906701177,19.643269446821083,476.12626889546715,3386.068359375
268,3.999999999999999e-05,2.1999999999999997,5.0,2.9963837814331056,0.9713678374555376,0.15095159558786286,0.1424457440773646,0.1435804790755113,0.18132286903758843,0.7088012817005317,0.29234246473384295,0.6354995946834485,0.3651762203116798,31.38739107953441,19.381182560379187,477.8262838482857,3386.068359375
269,3.87878787878788e-05,2.1787878787878787,5.0,2.9889938787619275,0.9423121259609858,0.15240783344540332,0.14355689922968545,0.14855129515959156,0.18975468842726614,0.6989026392168469,0.30072539527512465,0.6200947573118739,0.38000030304201776,29.282751228119498,19.716099644847734,479.594915997982,3386.068359375
270,3.757575757575758e-05,2.1575757575757577,5.0,3.0333871331479814,0.9810435070263015,0.1529229624900553,0.14419502317077584,0.14373896225252086,0.18159563310651317,0.7099396485421393,0.29132647641882714,0.6326692355838087,0.36730943669668503,30.83053661129218,19.845349567498804,481.25929247140886,3386.068359375
271,3.636363636363636e-05,2.1363636363636362,5.0,2.997053189277649,0.9609078168372314,0.15155974456005628,0.14401959016091292,0.15291936941237913,0.18511367698924408,0.6943675502969159,0.3055200396999458,0.6297498312426938,0.3694399958000415,30.648762897558974,20.545892689839555,483.004556787014,3386.068359375
272,3.515151515151516e-05,2.1151515151515152,5.0,2.9554511827892727,0.947516385184394,0.15001827601757314,0.1414001763280895,0.1474077481817868,0.18537554746079776,0.6983387012614144,0.3016653492298469,0.626056822422478,0.3748234734611793,32.163330486118745,19.71632653837283,484.7639654239019,3386.068359375
273,3.393939393939394e-05,2.0939393939393938,5.0,2.9527689768208396,0.9592788389987416,0.14913902967340417,0.14073457502656514,0.1495127886430257,0.18868242893161044,0.6957344561235772,0.3050096571656306,0.619642074935966,0.3794471403211355,30.537603293739302,19.912113328884985,486.5574391404788,3386.068359375
274,3.272727272727274e-05,2.0727272727272728,5.0,3.003486932118734,0.9796656534075737,0.15084820207622315,0.1434729295803441,0.14560340421067344,0.1874586043217116,0.7020708565289776,0.29852144703139655,0.6209788526097934,0.3777404005018373,33.30448495543382,20.02579449330941,488.3540623386701,3386.068359375
275,3.151515151515152e-05,2.0515151515151517,5.0,2.9750687600506676,0.9794565379122893,0.14918192958666218,0.14153780719472303,0.14303166166154874,0.18656261832556792,0.7046973626977867,0.29430094241196963,0.6244019255207645,0.3763348552439776,33.28631420926438,19.880857138220364,490.07709577083585,3386.068359375
276,3.03030303030303e-05,2.0303030303030303,5.0,2.9269522914621566,0.9452134650117822,0.14858027253713874,0.140052547024356,0.14412105508976514,0.1879203794627554,0.7085061433166265,0.2908854799366802,0.6209411917461289,0.37956011237783566,30.86213289504524,20.70584207715681,491.8302305698395,3386.068359375
277,2.9090909090909103e-05,2.0090909090909093,5.0,2.9809375486108993,0.9821243030495114,0.14997656223674616,0.14082785507043202,0.1455766759916312,0.18465834914396206,0.7016613710754448,0.2997406006299813,0.6248600301477644,0.374492015240507,32.21307585552771,20.302669769430075,493.6033050537109,3386.068359375
278,2.7878787878787883e-05,1.9878787878787878,5.0,2.953752861817678,0.9637693951527277,0.14950935747888353,0.14095334207018217,0.1465333259043594,0.18678047919438945,0.6977945760058032,0.3031421829277598,0.6250482462677691,0.3744192645905746,33.10981248586922,20.786229568129055,495.3194638927778,3386.068359375
279,2.6666666666666663e-05,1.9666666666666668,5.0,2.9431749069690705,0.9661181904541122,0.14837972157531315,0.1412247346051865,0.14703654753044249,0.18850042521953583,0.6981257188154592,0.30183607647434757,0.6206177728871505,0.3792660576560431,33.02196190300361,20.428389174917395,497.0430237968763,3386.068359375
280,2.5454545454545464e-05,1.9454545454545458,5.0,2.966823630200492,0.9815401761399375,0.14885606731805537,0.1415918064200216,0.144909107507103,0.188475591538267,0.7061312068336539,0.2945232802543756,0.6235192639463477,0.37541871714198755,33.47977583005443,20.626039089800877,498.7691690127055,3386.068359375
281,2.4242424242424244e-05,1.9242424242424243,5.0,2.9623351867993675,0.9688834219839838,0.14954616700609524,0.14263067852291797,0.14255132023038136,0.18493597084449398,0.7046682487428189,0.2952350672960488,0.6269971814503272,0.37345589701396725,33.85443736711554,20.237983870596487,500.48867752949394,3386.068359375
282,2.3030303030303024e-05,1.9030303030303028,5.0,2.93555488175816,0.954155447565847,0.14859189452396498,0.14189091020160252,0.14437395360527766,0.18362550509058767,0.7040579883009195,0.2964837323805033,0.6255780788428253,0.37423132974861395,33.33794779737478,20.175881523023374,502.21218649148943,3386.068359375
283,2.1818181818181828e-05,1.8818181818181818,5.0,2.967892121076584,0.9921652573015954,0.1483601049830516,0.14194264301823245,0.14336833181480566,0.18181510416376923,0.7070771065685484,0.2927394696692904,0.6301887276768684,0.3708472303011351,35.14139215118542,20.53822065422918,503.9364938378334,3386.068359375
284,2.0606060606060608e-05,1.8606060606060604,5.0,2.962575662533442,0.9795241307053301,0.1491052400900258,0.14167549204495217,0.1414906839136448,0.183209170061681,0.7059471102555593,0.2936451057996601,0.6278093465997113,0.3717166422809371,34.80273513393349,20.078681519835648,505.65507200161613,3386.068359375
285,1.9393939393939385e-05,1.8393939393939394,5.0,2.949743731154336,0.9796250644988483,0.1480688213970926,0.14143210896187358,0.1378296517746316,0.18897508312637606,0.7150372141930792,0.2863777286891774,0.620031908220715,0.3804868045555324,36.87162818395083,20.40891707599501,507.39629357655843,3386.068359375
286,1.818181818181819e-05,1.8181818181818183,5.0,2.934777030944824,0.9799201198584504,0.1471635494629542,0.14034736861785252,0.14215500585527885,0.1855676406352884,0.7045956409308646,0.2950542196558672,0.6237620779623588,0.37506152163673606,36.59507791671873,20.747589981031915,509.1324374159177,3386.068359375
287,1.696969696969697e-05,1.7969696969696969,5.0,2.9438754411538444,1.0052817390693558,0.14633150395419864,0.1393580716351668,0.14082647603626053,0.18531322321544091,0.7066218319535256,0.2935565445963423,0.6271490893512964,0.37517140331367654,38.73760400949427,20.79431284736203,510.850466966629,3386.068359375
288,1.575757575757575e-05,1.7757575757575754,5.0,2.8857629900508455,0.9481332363684972,0.14585523705515596,0.1407195039259063,0.14136626941255398,0.18692120687829122,0.7023868331478702,0.2980545618388068,0.6205750040544404,0.3769619958889153,35.19345825772742,21.036442520728226,512.5732470115025,3386.068359375
289,1.4545454545454551e-05,1.7545454545454549,5.0,2.9449951434135437,0.9937316361069679,0.14729234735998842,0.13994095454613367,0.14382985247299074,0.18311852179053756,0.7027202152709167,0.29610554020083835,0.6243605911897289,0.37516723279634284,36.676806202821844,20.813858743525376,514.2949589252472,3386.068359375
290,1.3333333333333332e-05,1.7333333333333334,5.0,2.922153940068351,0.9829531444443597,0.1460762827263938,0.14061472640269332,0.13659502508118748,0.17907151320328316,0.7148308148069514,0.2857980281639983,0.6325855381621255,0.3661982737026281,37.39429276615448,20.708948567255337,516.02237855196,3386.068359375
291,1.2121212121212112e-05,1.712121212121212,5.0,2.93083702272839,1.0097042762902049,0.1454516475316551,0.13929271006749736,0.13782087326049805,0.18499292651812235,0.7104632336066828,0.28993777136014415,0.6250305270817544,0.37693659257091994,39.81877134445793,20.958816133071785,517.7408083200455,3386.068359375
292,1.0909090909090914e-05,1.690909090909091,5.0,2.9005740870369805,0.9624616097907225,0.14660089800755183,0.1397490350405375,0.1442314174088339,0.18469021311857634,0.7027791324423419,0.296972512860278,0.6245083260536194,0.37536132068890665,37.026287912324975,21.461489504554155,519.457606625557,3386.068359375
293,9.696969696969692e-06,1.6696969696969695,5.0,2.935601710213555,0.9806601144207848,0.1472758677187893,0.14253492430680328,0.13778635124158528,0.18258900211089188,0.7106457399494118,0.29014406071244997,0.6267839005755054,0.3719534436240792,39.97583082712927,20.500691749920076,521.1877201835315,3386.068359375
294,8.484848484848495e-06,1.6484848484848484,5.0,2.904122979508506,0.9774941141075558,0.14574978795316484,0.1398818325665262,0.13965671074680155,0.18722472490121922,0.705977973755863,0.29584293127111677,0.6192952984902593,0.3808470645847006,40.1525450053717,21.14048834935065,522.9035540739695,3386.068359375
295,7.272727272727276e-06,1.6272727272727274,5.0,2.881591058837043,0.9589567259947459,0.1458591733707322,0.1390044417232275,0.1368847671440906,0.1871534986131721,0.710290251225233,0.28836711120267866,0.6175238617261251,0.3819974114890728,41.91379020331835,20.973160831009913,524.6281950275103,3386.068359375
296,6.060606060606056e-06,1.606060606060606,5.0,2.8936481907632614,0.9763726067543029,0.1455565924031867,0.13896888718836836,0.1365606870750586,0.18396525069243377,0.7112400547332234,0.2888133305378465,0.6248372403283914,0.37473230541580255,40.806698830803214,21.03574867554604,526.3505476514498,3386.068359375
297,4.848484848484858e-06,1.584848484848485,5.0,2.895990783770879,0.9756256930695639,0.1454827263040675,0.1400939572436942,0.13730019180104136,0.1826338677894738,0.7118659006887013,0.28950414557203963,0.6240245905021826,0.3739087805483076,41.26799301992386,20.998009491484133,528.0752113183339,3386.068359375
298,3.636363636363638e-06,1.5636363636363635,5.0,2.8978491714265613,0.9885655578970909,0.14475960263775456,0.13960597448050976,0.13896147302869294,0.18027892993349168,0.7073083744943142,0.2929693927657273,0.629025465051333,0.3741086746379733,43.43565062100945,21.038279466110698,529.8002957900366,3386.068359375
299,2.4242424242424176e-06,1.5424242424242425,5.0,2.9003080009089577,0.9806245433953074,0.14576494427190886,0.14006127946906619,0.1358692561959227,0.18083676203257507,0.711227051301135,0.28950075611562676,0.6262576613823573,0.3696870901849535,44.77985941371884,20.913041502325925,531.5268050034841,3386.068359375
300,1.21212121212122e-06,1.5212121212121215,5.0,2.869641034205755,0.952148743553294,0.14568494270245233,0.1398918591853645,0.14365339610518682,0.18350585357389515,0.7007705179519124,0.3004911998912899,0.6271093665560087,0.3788773789919085,44.009132019958315,21.296517342291683,533.2489689509074,3386.068359375
