epoch,FID_A2B,FID_B2A,FID,MiFID,kaggle_score
20,182.94189912022077,141.85755517905147,162.39972714963613,0.4269493420362032,-81.41333824583617
40,139.3085429399121,138.18951713780814,138.7490300388601,0.41969409711747085,-69.58436206798878
60,132.05778746083138,129.89251055581207,130.97514900832172,0.41730316738961515,-65.69622608785566
80,127.80276164140543,121.13914091452814,124.47095127796678,0.4147504645057345,-62.44285087123625
100,125.94036826890954,117.29670670695157,121.61853748793055,0.414295008288114,-61.01641624810933
120,124.94090924109707,121.10192301791838,123.02141612950773,0.4147485741428642,-61.718082351825295
140,124.94660297713844,114.64080137469891,119.79370217591867,0.41487792210676283,-60.10429004901272
160,123.81730113370185,113.51454172976453,118.66592143173318,0.41529573776712314,-59.54060858475015
180,118.96101881498674,112.89789921632524,115.929459015656,0.41561547963553325,-58.172537247645764
200,119.08731583906243,110.39877248145218,114.74304416025731,0.41634556084476726,-57.57969486055104
220,118.15428424760574,110.40141354506665,114.2778488963362,0.41705692151257756,-57.34745290892439
240,118.23639042645769,106.96577441847037,112.60108242246403,0.4165437804462628,-56.50881310145515
260,115.55585471497804,105.84579840590622,110.70082656044212,0.4166528975813693,-55.55873972901175
280,116.0611424840688,106.12408087608517,111.09261168007698,0.41665268704835057,-55.75463218356267
300,117.11384949016892,106.85958549369045,111.98671749192968,0.4169999275755232,-56.2018587097526
