epoch,lr,loss_G,loss_gan,loss_cyc,loss_id,loss_D_A,loss_D_B,D_A_real,D_A_fake,D_B_real,D_B_fake,gnorm_G,gnorm_D,wall_time_min,peak_mem_mb
1,0.0002,10.419456764856974,0.9841249326864878,0.638801884651184,0.609462601840496,0.46839298263192175,0.45682697211702666,0.525140636600554,0.4617930345982313,0.5283995882670085,0.4606868455807368,58.97690179457165,26.875241888019968,0.532469113667806,2727.6435546875
2,0.0002,8.970459512074788,0.7782677698135376,0.5605669130881628,0.5173045243819555,0.26555071701606114,0.270937907670935,0.583066319723924,0.4059935094540318,0.5585284253954887,0.43689229622483255,45.038647874463265,24.3697050045781,1.0735110958417258,2727.6435546875
3,0.0002,9.02514392375946,0.8245287648340066,0.5632815574606259,0.513559913734595,0.252005384961764,0.2551024782657623,0.6107300215462843,0.3843478627456352,0.5814572788774968,0.4121062401146628,46.4625732732831,24.542703077935638,1.605789577960968,2727.6435546875
4,0.0002,8.428018054962159,0.830566804309686,0.5235029817620913,0.4724842836459478,0.2314202261219422,0.253481781296432,0.6197523131469885,0.37868516908492894,0.6021177611375849,0.399344635574768,45.01611035464287,23.902373414957655,2.1379309336344403,2727.6435546875
5,0.0002,8.296919050216674,0.867312738498052,0.5100169945756594,0.4658872772256533,0.23139005207767088,0.23853487563629946,0.6135834587613741,0.37902471840071184,0.6120486821110049,0.38267550406667095,44.374064390710885,23.570775077008808,2.6776517669359845,2727.6435546875
6,0.0002,7.958632003466288,0.9644414368271828,0.48048509294788044,0.43786792998512586,0.21775892831385135,0.2223068573512137,0.664518674214681,0.3340512491087429,0.6492087583243847,0.35112987941441437,43.09373576810563,25.134375818390353,3.195313239097595,2727.6435546875
7,0.0002,7.833853416442871,0.9436006161570549,0.4728867803017298,0.43227700223525367,0.20818589360763629,0.2165267841455837,0.6804433678525189,0.3165492829637757,0.6559224969453256,0.34530556354341874,41.38299448814773,24.759188043794733,3.697448492050171,2727.6435546875
8,0.0002,7.575704015096028,0.9263457288841407,0.45550406277179717,0.41886352866888044,0.19520948318143685,0.22066533215343953,0.6996745523065329,0.2988061702557995,0.655868447975566,0.3442070267039041,40.03202694212973,24.353446005870577,4.203399686018626,2727.6435546875
9,0.0002,7.4189374637603756,0.893369475354751,0.4477630905310313,0.4095874220132828,0.21513181950896978,0.21641740842411916,0.6697777752547215,0.32794229742285097,0.6641869069263339,0.3330266189776982,38.97537824356607,24.82570346069481,4.754118450482687,2727.6435546875
10,0.0002,7.216102844874064,0.8428875052432219,0.43839571048816045,0.39785164818167684,0.21225920716300606,0.21811476148664952,0.6549565595636765,0.34065421207342295,0.6479786294698715,0.35019367490235404,38.965033289126104,22.10646363566894,5.283639514446259,2727.6435546875
11,0.0002,7.279849122365316,0.9123943268756072,0.4365735225379467,0.4003439152240753,0.21409142934406797,0.22871406363944213,0.6606093674401442,0.3350682755225959,0.6550454370304942,0.3444596232660115,39.157582216358875,23.49251542367738,5.825448981920878,2727.6435546875
12,0.0002,7.015072600046794,0.8178005218009154,0.42389344071348506,0.39166753803690274,0.20648679504791895,0.23964415033658346,0.671427900592486,0.3252360170470395,0.5836023877561093,0.40797657177473107,37.05643955454976,20.619475775429127,6.332017012437185,2727.6435546875
13,0.0002,7.006407446861267,0.8295327585935592,0.42365891923507054,0.38805710583925246,0.20808492889006933,0.23693892785037557,0.6605962454651793,0.33512707917640605,0.6227904797097047,0.377455286889987,36.0480420991933,23.023161027699295,6.846829362710317,2727.6435546875
14,0.0002,7.125752399762471,0.8779969745377699,0.4284099998076757,0.3927310858666897,0.21233096480369568,0.22058169570441047,0.6535742372398575,0.34393873839018246,0.6373009854058425,0.35741016191469194,34.96345120762179,21.310792241826064,7.3934961994489035,2727.6435546875
15,0.0002,7.013784762223562,0.8771065813799699,0.42090862944722174,0.3855183764298757,0.20936977837234735,0.21986204610516627,0.6671337246242911,0.32871858263155446,0.6429694043720762,0.3574625068344176,34.47910203998907,21.6939143886623,7.911010762055715,2727.6435546875
16,0.0002,6.952570252418518,0.872758926426371,0.4180292191604773,0.3799038258691629,0.2122374825862547,0.2133653531037271,0.6564863378182053,0.3409568342325899,0.6443968717505535,0.3531861442513764,35.309290622299265,20.7350433961396,8.44107520977656,2727.6435546875
17,0.0001866666666666667,6.608293279012044,0.8360525802274545,0.39335952321688333,0.36772909611463545,0.20585063350076477,0.20565046785399319,0.6555018560091654,0.34090714981158576,0.6563374710020919,0.34089308022812476,32.716797575452944,19.57696540735705,8.96868039369583,2727.6435546875
18,0.00017333333333333334,6.727928144137064,0.8473564305404822,0.4022285063564777,0.3716573331753413,0.1968530025705695,0.21857477620244026,0.6682053327870866,0.32968223019037396,0.6416343853995204,0.3587856754225989,34.70173775091872,19.58303309918806,9.48019433816274,2727.6435546875
19,0.00016,6.40602705001831,0.8590703337391218,0.3767774670322736,0.35583641270796457,0.19549544005965194,0.19902175855201978,0.6763386085101714,0.3211594575484438,0.6474483864234934,0.35035764874580005,33.05917100416904,18.318738171304563,9.999169294039408,2727.6435546875
20,0.0001466666666666667,6.354311567942301,0.8434437974790732,0.3740120778481166,0.35414940064152084,0.18775662075728178,0.20083633687347174,0.6672183113793532,0.3292357689351775,0.6486746999714523,0.3521123967474947,33.025674115016315,17.45375467416429,10.765453664461772,2727.6435546875
21,0.00013333333333333337,6.14922990322113,0.8172057751317819,0.36323480238517125,0.33993521933754284,0.19016881625168025,0.19741564255207777,0.6689407309889793,0.33158991803958393,0.6444314812247952,0.350803266831208,33.45308948757036,16.95898689237434,12.15060088634491,2727.6435546875
22,0.00012,6.182243160406748,0.8515630134940148,0.36102614844838776,0.34408373246590296,0.18119495768100025,0.1969862406514585,0.6779439882189036,0.321561817782931,0.6542445495647068,0.3452772788408523,33.99899581132106,16.721585881818843,13.533275357882182,2727.6435546875
23,0.00010666666666666667,6.0734578148523966,0.8743517008423806,0.35183694278200467,0.336147340486447,0.1770104475071033,0.1868582634193202,0.6787934908270836,0.31856849854520985,0.667363285512353,0.3342752152167183,33.45573710766797,16.563519738378666,14.910374375184377,2727.6435546875
24,9.333333333333334e-05,5.965897746086121,0.8355157693723837,0.34632612064480783,0.3334241530299187,0.17750241521745921,0.18811435487121345,0.6767114630620926,0.32106205172992003,0.6553328240166107,0.3453936698116983,33.935720530640886,15.700499202813742,16.30106385151545,2727.6435546875
25,8e-05,5.890288894971212,0.8425611527760823,0.33970225368936857,0.3301410421729088,0.17286640449116628,0.18256521354739866,0.676214332440868,0.323502505509338,0.6655094995349645,0.3361667233670596,34.56572774856138,14.965116003141238,17.69357856909434,2727.6435546875
26,6.666666666666668e-05,5.844890717665354,0.8523595790565014,0.3345446853339672,0.32941685477892557,0.1717394311198344,0.1723321643906335,0.6789035287996134,0.3215761070819402,0.6674382952507585,0.3317134795648356,34.96526356880336,14.298757742167867,19.066408538818358,2727.6435546875
27,5.333333333333335e-05,5.714486050605774,0.865497683013479,0.3245234783987204,0.3207507203519344,0.16312391670420767,0.18703396037841838,0.6842850442665319,0.3124471653124783,0.6521344060699145,0.34412060896400365,34.851797180599604,14.488947010608063,20.466694219907126,2727.6435546875
28,3.999999999999999e-05,5.523588199615478,0.8299550034105778,0.3131816365321477,0.31236336459716163,0.16325178270228208,0.18681035864477355,0.6855176700899999,0.3130175545765087,0.6399210554112991,0.3587175356224179,34.66437573617589,13.930353407078682,21.861236170927683,2727.6435546875
29,2.6666666666666663e-05,5.394314961433411,0.8478596700231235,0.30302082245548567,0.3032494128247102,0.1615275150568535,0.17916056142499048,0.6815091567734878,0.3185295220425663,0.6468355616057913,0.3497755433586038,33.78895162306011,13.16647811731364,23.24301439523697,2727.6435546875
30,1.3333333333333332e-05,5.4025845281283065,0.8916349266966184,0.30026220455765723,0.3016655132671197,0.15603814217572412,0.16201687236626944,0.6794125256935756,0.3198425116894456,0.6737897613147894,0.3296408953129624,36.85121028011378,12.880587768499009,24.622605431079865,2727.6435546875
