epoch,FID_A2B,FID_B2A,FID,MiFID,kaggle_score,run,iters,phase
20,166.76654278827348,137.0260307670942,151.89628677768383,0.4178311325964323,-76.15705895514013,e200,6000,constant LR
40,136.33078336558842,130.15427368251764,133.24252852405303,0.4216350447475657,-66.8320817844003,e200,12000,constant LR
60,128.75785737740603,121.64951603440704,125.20368670590652,0.4209084391626185,-62.812297572534575,e200,18000,constant LR
80,134.24448149862073,111.463468189188,122.85397484390435,0.418112788248287,-61.63604381607633,e200,24000,constant LR
100,126.8958950874656,120.38240592122408,123.63915050434484,0.4189123313897962,-62.02903141786732,e200,30000,constant LR
120,130.68144190485145,114.4745909223769,122.57801641361418,0.417890328083411,-61.4979533708488,e200,36000,LR decay
140,129.30539743890864,111.94063416117083,120.62301580003974,0.420270742576359,-60.52164327130805,e200,42000,LR decay
160,126.6597218224761,115.1252733170372,120.89249756975666,0.4198642761012733,-60.65618092292897,e200,48000,LR decay
180,122.30435490329867,106.16262796875895,114.23349143602884,0.4169799867296837,-57.32523571137926,e200,54000,LR decay
200,122.65572816381578,108.67386192451202,115.6647950441639,0.4189861629701462,-58.04189060356702,e200,60000,LR decay
20,182.9418991202208,141.85755517905147,162.3997271496361,0.4269493420362032,-81.41333824583617,e300,6000,constant LR
40,139.3085429399121,138.18951713780814,138.7490300388601,0.4196940971174708,-69.58436206798878,e300,12000,constant LR
60,132.05778746083138,129.89251055581207,130.97514900832172,0.4173031673896151,-65.69622608785566,e300,18000,constant LR
80,127.80276164140544,121.13914091452814,124.47095127796678,0.4147504645057345,-62.44285087123625,e300,24000,constant LR
100,125.94036826890954,117.29670670695155,121.61853748793057,0.414295008288114,-61.01641624810933,e300,30000,constant LR
120,124.94090924109707,121.10192301791838,123.02141612950771,0.4147485741428642,-61.718082351825295,e300,36000,constant LR
140,124.94660297713844,114.64080137469892,119.79370217591868,0.4148779221067628,-60.10429004901272,e300,42000,constant LR
160,123.81730113370185,113.51454172976452,118.66592143173318,0.4152957377671231,-59.54060858475015,e300,48000,LR decay
180,118.96101881498674,112.89789921632524,115.929459015656,0.4156154796355332,-58.17253724764576,e300,54000,LR decay
200,119.08731583906244,110.39877248145218,114.74304416025733,0.4163455608447672,-57.57969486055104,e300,60000,LR decay
220,118.15428424760574,110.40141354506665,114.2778488963362,0.4170569215125775,-57.34745290892439,e300,66000,LR decay
240,118.23639042645767,106.96577441847036,112.60108242246405,0.4165437804462628,-56.50881310145515,e300,72000,LR decay
260,115.55585471497804,105.84579840590622,110.70082656044212,0.4166528975813693,-55.55873972901175,e300,78000,LR decay
280,116.0611424840688,106.12408087608516,111.09261168007698,0.4166526870483505,-55.75463218356267,e300,84000,LR decay
300,117.11384949016892,106.85958549369045,111.98671749192968,0.4169999275755232,-56.2018587097526,e300,90000,LR decay
20,128.45298324606745,133.31158491160235,130.8822840788349,0.4176061562621452,-65.64994511754853,i180k,18000,constant LR
40,122.23798415728275,116.5403121079316,119.3891481326072,0.4128528986528947,-59.901000515630045,i180k,36000,constant LR
60,125.70050299294432,114.92908889725314,120.31479594509872,0.4140375484680919,-60.364416746783405,i180k,54000,constant LR
80,119.6950335552051,129.18880316135264,124.44191835827888,0.4149314626530796,-62.42842491046598,i180k,72000,constant LR
100,115.34249969442618,105.1316702828803,110.23708498865324,0.4149973953187807,-55.32604119198601,i180k,90000,constant LR
120,112.64154933898648,111.24063351136483,111.94109142517569,0.4119740365482688,-56.17653273086197,i180k,108000,LR decay
140,109.8065389198543,101.97265012011374,105.88959451998404,0.4130917719192529,-53.15134314595164,i180k,126000,LR decay
160,108.11575052763462,101.12659178937038,104.6211711585025,0.4130086172692931,-52.5170898878859,i180k,144000,LR decay
180,105.23810408157134,101.47621287735106,103.3571584794612,0.4118068391845991,-51.88448265932289,i180k,162000,LR decay
200,104.70134250294667,101.48194073864155,103.09164162079412,0.4112375509583356,-51.75143958587623,i180k,180000,LR decay
