sample_id,direction,source_file
S01,Monet→Photo,066fe4cbaa.jpg
S02,Monet→Photo,dd46691bd7.jpg
S03,Monet→Photo,9db9843ed1.jpg
S04,Monet→Photo,b2ce76c750.jpg
S05,Photo→Monet,03ae26ed88.jpg
S06,Photo→Monet,05e37a8900.jpg
S07,Monet→Photo,661e374153.jpg
S08,Monet→Photo,6f0b9df5c5.jpg
S09,Photo→Monet,00882b7e1d.jpg
S10,Photo→Monet,00479e2a21.jpg
S11,Monet→Photo,de6f71b00f.jpg
S12,Monet→Photo,07fcaee35f.jpg
S13,Monet→Photo,1814cc6632.jpg
S14,Monet→Photo,a210ceedc7.jpg
S15,Monet→Photo,95a53d7b0b.jpg
S16,Photo→Monet,049576d31c.jpg
S17,Photo→Monet,02ded12bbd.jpg
S18,Photo→Monet,04cb1f4705.jpg
S19,Monet→Photo,fdf1530d95.jpg
S20,Photo→Monet,06c9326c86.jpg
S21,Photo→Monet,054f264b2e.jpg
S22,Monet→Photo,09b76b6471.jpg
S23,Monet→Photo,23b07c3769.jpg
S24,Photo→Monet,07054731ab.jpg
S25,Photo→Monet,08cbd0d6c4.jpg
S26,Photo→Monet,08cbd51033.jpg
S27,Monet→Photo,a6291c2a1c.jpg
S28,Photo→Monet,03a21c1b9c.jpg
S29,Photo→Monet,068cc6fe3f.jpg
S30,Photo→Monet,019cf7682d.jpg
