epoch,G_loss,D_loss,cycle_loss,identity_loss,adv_loss,grad_norm_G,nan_count,sec_per_epoch
0,5.06119019985199,0.5867177148982883,0.2965146000534296,0.25853144969791175,0.8033869512975216,17.51173210144043,0,75.89364910125732
1,2.8556493825912477,0.5032466092929244,0.14233937057852744,0.1175640709772706,0.8444353194609284,16.5354061126709,0,77.52305793762207
2,2.5534635038375852,0.49057995128072795,0.12150967516750097,0.10201006893441081,0.8283164054304362,10.531444549560547,0,101.77493810653687
3,2.41812531542778,0.48705001737363635,0.11103860717266797,0.09180461939796805,0.8487161469906569,11.8085298538208,0,100.86937737464905
4,2.3605498014688493,0.47108654658682647,0.1039392045289278,0.08760349681228399,0.8831402720734477,9.92138385772705,0,99.78312993049622
5,2.3328075186014177,0.46653278872556986,0.10212951043248177,0.08603251650184393,0.8813498296439648,8.025344848632812,0,101.47291374206543
6,2.274882470846176,0.46757136107049885,0.0997951041162014,0.08370500338450074,0.8584064139202238,24.17515754699707,0,101.4507486820221
7,2.2658581092357637,0.4611310498509556,0.09919000390917063,0.0822966991327703,0.8624745734930038,15.14654541015625,0,100.6298577785492
8,2.291602599978447,0.45249953027442097,0.09906466315314173,0.08083488559350371,0.8967815459594131,18.904407501220703,0,100.9406988620758
9,2.2381888210773466,0.45017821238096806,0.09853564750775695,0.07920913657918573,0.8567866600975395,10.063522338867188,0,100.49311518669128
10,2.2191264790296557,0.44529613115545363,0.0964333411231637,0.07681894888356328,0.8706983208730816,14.518454551696777,0,99.9911642074585
11,2.2087839003801344,0.4437690778421238,0.09619902244955301,0.07577311239391565,0.8679281119927764,11.875110626220703,0,95.07120966911316
12,2.185971834897995,0.4409673456661403,0.09536099202185869,0.0751583192050457,0.8565703194662928,24.443897247314453,0,100.15416264533997
13,2.1961006647348404,0.4438210473069921,0.09704531104117632,0.07642280059680343,0.8435335536301136,12.274334907531738,0,102.4603796005249
14,2.1985169565677642,0.43092786912061276,0.09610612227767706,0.07437619806453585,0.8655747422873974,9.390056610107422,0,100.1892740726471
15,2.2177090158462525,0.4366582859493792,0.09859239926189184,0.07617594236135483,0.8509053140059113,11.33631420135498,0,100.93808197975159
16,2.1827950402498244,0.43688654981087893,0.09764533876255155,0.07344423084706068,0.8391204947605729,11.201750755310059,0,99.9077570438385
17,2.153504127621651,0.4311535944985226,0.09653061114624142,0.07222242683544755,0.8270858817249537,18.57260513305664,0,100.85272407531738
18,2.1533632435798644,0.43514474250003693,0.0958613583855331,0.07066522566974164,0.841423533976078,12.426042556762695,0,101.28592586517334
19,2.2132940084934236,0.42593561181239786,0.10078506832942366,0.07245068868249654,0.8431898791193962,13.6187744140625,0,101.52532887458801
20,2.164282127737999,0.42350053468346593,0.09673183527588844,0.07209114624932408,0.8365080420598388,18.534313201904297,0,100.37732458114624
21,2.1662077238559725,0.42581827167980374,0.09668053972348571,0.06986842169612646,0.8500602164566516,16.819021224975586,0,94.91341137886047
22,2.1466971559524537,0.4311677938383073,0.09762435526028275,0.06946741281822323,0.8231165359467268,40.26931381225586,0,100.24378085136414
23,2.1479913103580475,0.42426702911965547,0.09853300424292684,0.0701043966151774,0.8121392835974693,12.42545223236084,0,100.2080659866333
24,2.176596833705902,0.419928804977797,0.09794869746640325,0.06851557433977723,0.8545319912284612,9.848366737365723,0,100.18966698646545
25,2.1094228736162184,0.42468367964401843,0.09558832800015807,0.06724409405142069,0.8173191225230694,17.999961853027344,0,100.37616419792175
26,2.134745462179184,0.4270313900653273,0.09745489431545139,0.06958250201493502,0.8122840071320534,12.721939086914062,0,99.39337944984436
27,2.14312567448616,0.4237802919335663,0.0975179819688201,0.06998770705610513,0.8180073211044073,10.104581832885742,0,100.30916380882263
28,2.081716376066208,0.42990318238176406,0.09420390222221613,0.06828368871659041,0.7982589070796966,11.777714729309082,0,99.23200821876526
29,2.113174133777618,0.42589772600121795,0.09612560281902552,0.06772175523266197,0.8133093236386776,15.242311477661133,0,97.84068608283997
30,2.1206864528656006,0.4170558525621891,0.09587265085428953,0.06798697907105088,0.8220250558108091,12.626468658447266,0,99.41413283348083
31,2.140471477389336,0.41149162015877666,0.0956904244683683,0.06649883842095733,0.851073046118021,17.169828414916992,0,92.86811757087708
32,2.177350567340851,0.40844267093390224,0.09657622990757227,0.07113312584161759,0.8559226403087378,11.846948623657227,0,100.4823706150055
33,2.0921985355615615,0.41934042113646863,0.09359912243112922,0.06552752858027816,0.8285696655064821,19.253721237182617,0,99.77679252624512
34,2.126675104856491,0.4118113374747336,0.095495917763561,0.06719579286873341,0.8357369644492865,13.272534370422363,0,100.51597571372986
35,2.0760523116588594,0.4202626355141401,0.09489788817986845,0.06635329328849912,0.7953069635033607,22.322660446166992,0,99.39594554901123
36,2.135323833703995,0.405647167917341,0.09645853748172521,0.06717903864011168,0.8348432699888945,5.868998050689697,0,100.27342510223389
37,2.0774024204015733,0.4194841396026313,0.09470314736291766,0.06325307535752654,0.8141055743545293,9.848012924194336,0,99.07398867607117
38,2.075504233956337,0.4161368758380413,0.0935420736335218,0.06491719918698072,0.8154975000880659,20.585784912109375,0,100.22115302085876
39,2.1098934683799744,0.4107401285879314,0.09458696320280433,0.06748647069558501,0.8265914830714464,26.954687118530273,0,98.79051518440247
40,2.046892498254776,0.4115815970599651,0.09207443852350115,0.061251462403684856,0.8198907998502254,9.699541091918945,0,99.93391537666321
41,2.1094627085924147,0.40029418538883327,0.0939704980365932,0.06262245244160294,0.8566454676389694,18.797828674316406,0,94.96824932098389
42,2.099600275039673,0.40270145078934727,0.09401527006551623,0.06522480710223318,0.833323539569974,20.97833824157715,0,100.41381001472473
43,2.0968771121501923,0.4041158629246056,0.09399727699533104,0.06515501605719327,0.8311292632520199,9.937484741210938,0,99.7738630771637
44,2.113349585056305,0.4043379524219781,0.09513389236852526,0.06456157472357153,0.839202787220478,19.442842483520508,0,99.22216582298279
45,2.0964015834331513,0.3964816728439182,0.0937154702283442,0.06029919136315584,0.8577509277760983,10.973566055297852,0,100.54793310165405
46,2.1121667481660844,0.39922986989095804,0.09430920010060072,0.06497179617732764,0.8442157705426216,8.743522644042969,0,98.7952721118927
47,2.1159174689054487,0.39954839332029224,0.09488736909627915,0.06359236532822252,0.8490819514095783,31.049072265625,0,100.02533602714539
48,2.085481863498688,0.3964038791954517,0.09275620990991593,0.061174852654337884,0.8520454990565777,9.94775390625,0,101.67974305152893
49,2.087694978356361,0.39437652014009655,0.09343335280567408,0.06077602425962687,0.8494813334792852,20.45323371887207,0,101.05119705200195
50,2.0989589629173278,0.39130388090573254,0.09243042247369886,0.06095171501860022,0.8698961621671915,16.703571319580078,0,101.37233471870422
51,2.0850004199743273,0.3940818451698869,0.09261683569476008,0.06323541371151804,0.8426550001576543,22.722715377807617,0,94.3297369480133
52,2.0773845340013506,0.3817644351925701,0.09118762059882284,0.05950397728011012,0.867988441362977,13.393436431884766,0,101.01043009757996
53,2.0834939841032027,0.3758815681859851,0.0898023180104792,0.05859183324128389,0.892511632040143,89.4154281616211,0,100.54022574424744
54,2.1141075065135957,0.35965485166572037,0.08837461712211371,0.059363552566617725,0.9335435695052147,62.11899948120117,0,101.85802245140076
55,2.1510142357349396,0.34524317183345554,0.08895468083769083,0.059970113035291435,0.961616860806942,22.7478084564209,0,99.97966647148132
56,2.167981348514557,0.3368793977890164,0.08999333490803837,0.05729335624352098,0.9815812157094479,94.1473388671875,0,100.2616708278656
57,2.2191644067764282,0.3343713604174554,0.09193529398366809,0.059555081475526093,1.0020360575467349,61.88451385498047,0,98.83160352706909
58,2.2170510309934617,0.3410229870583862,0.09432650845497846,0.06257368648797274,0.9609175162017345,18.38317108154297,0,101.14450478553772
59,2.193597705721855,0.3403989586289972,0.09305493819341064,0.06079737189412117,0.9590614641606807,96.66162872314453,0,100.49803400039673
60,2.210296490907669,0.3333303637709469,0.09258170372620225,0.06041301673278213,0.9824143720567227,71.9192123413086,0,100.74760437011719
61,2.2076674392223357,0.333825033175759,0.09278312798589468,0.05845388002321124,0.9875667639672756,16.671985626220703,0,99.05089378356934
62,2.2137164195775987,0.33077086849324405,0.0930285656824708,0.06103904748335481,0.9782355235815048,14.65864086151123,0,99.0531919002533
63,2.1856535696983337,0.3296758795436472,0.09206439659744502,0.058074142914265395,0.9746388871371746,18.827428817749023,0,100.68963360786438
64,2.198630672454834,0.32542183903977273,0.09212230948731304,0.05639914722368121,0.9954118376970291,46.878597259521484,0,101.7459728717804
65,2.2065089672803877,0.32592241191491483,0.09254347870498895,0.05847712165489793,0.988688578389585,30.399921417236328,0,100.54070377349854
66,2.1975787217617033,0.32133623301796616,0.09311519414186478,0.05787831334024668,0.977035211622715,21.608808517456055,0,99.87663269042969
67,2.2393781363964083,0.30547783320397137,0.09093631317093968,0.05554101855680346,1.0523099078387022,70.64501953125,0,100.76792240142822
68,2.2116716907024383,0.31388503046147526,0.09273242300376296,0.056755931988358495,1.0005678007006644,18.83559799194336,0,100.87116575241089
69,2.2014299350976945,0.3152932020779699,0.09248329348489642,0.05643421631678939,0.9944259203672409,21.899011611938477,0,100.62234830856323
70,2.2081496864557266,0.3067235799860209,0.09112102295830846,0.055446816198527815,1.0197053744196891,33.680660247802734,0,100.97523307800293
71,2.2542293823957444,0.30171702248975635,0.09260831214115024,0.055891116730868814,1.048690682709217,37.2772102355957,0,95.46642327308655
72,2.2342339724302294,0.30221253124438224,0.0916427287980914,0.055054609566926954,1.0425336375683547,50.81193923950195,0,101.16407108306885
73,2.2261558027267454,0.30359116866625846,0.09227148025855422,0.05569299929589033,1.0249759981036186,24.54203987121582,0,101.40623044967651
74,2.2084595934152604,0.30117253795079885,0.091184375744313,0.054064072396606204,1.0262954737097025,39.00284194946289,0,99.47285652160645
75,2.2328670074939727,0.2916884020231664,0.09145026944950223,0.0525545559823513,1.0555915322303773,41.93729782104492,0,101.40273714065552
76,2.246452269792557,0.28990824893675743,0.0929319367930293,0.05343843937292695,1.0499407023191452,109.68846130371094,0,100.03823184967041
77,2.2540439891815187,0.28747116967476904,0.09228510712832212,0.0529634224139154,1.0663758082389831,33.64027786254883,0,100.5593113899231
78,2.271539202451706,0.28777173657529054,0.093514833252877,0.05290135638415813,1.0718840914070606,41.30208206176758,0,100.43768191337585
79,2.2750861715078354,0.2856421345900744,0.09267363904416562,0.05220310665667057,1.0873342474400998,20.760839462280273,0,101.30747771263123
80,2.269880583524704,0.28382639240752905,0.09383887703716755,0.052366336554288864,1.0696601282060145,29.424060821533203,0,102.44691157341003
81,2.2961244809627535,0.276802554981783,0.09402745082601904,0.0525316793397069,1.0931915753781796,29.090410232543945,0,95.52647352218628
82,2.2804113142490388,0.28522493191994724,0.09327395791187883,0.052023084100335834,1.0875563162863255,112.49819946289062,0,100.6417670249939
83,2.2928700424432753,0.27393748020567,0.09365575845167042,0.052413008756935595,1.0942474171817302,28.034570693969727,0,101.19505500793457
84,2.3120137572288515,0.27781866983510556,0.09506888207793236,0.0523115914631635,1.0997669806778432,30.13739776611328,0,101.43486475944519
85,2.276676169991493,0.27912435577623546,0.09402564912289381,0.05120571412518621,1.0803911100924015,22.682979583740234,0,100.99078607559204
86,2.2757574907541276,0.2813235766943544,0.09326296286657453,0.05148221300169826,1.085716800659895,51.48390197753906,0,100.0143690109253
87,2.280006609559059,0.27693723406642673,0.09381707724556326,0.050450373582541945,1.0895839715898037,41.49711990356445,0,100.83165526390076
88,2.3112954235076906,0.2721612899471074,0.09426556801050902,0.05162845235131681,1.1104974782168866,23.93692398071289,0,100.68482804298401
89,2.2767626345157623,0.2759924967493862,0.09321021444350482,0.0498954046908766,1.095183464884758,21.617786407470703,0,101.13184762001038
90,2.3091076399087904,0.26879193997010586,0.09373319398984313,0.04880253356322646,1.1277630366981028,29.461103439331055,0,102.01514959335327
91,2.3086631972789764,0.27423682336322963,0.09413699652254581,0.049757394406944516,1.118506260305643,11.223114013671875,0,97.71326398849487
92,2.30073044359684,0.27510409158840776,0.09344612587988377,0.05016443772055209,1.1154469955861568,26.265687942504883,0,100.20916628837585
93,2.3325224097967148,0.2626488518640399,0.09456614108011127,0.050382659167051314,1.1349477023482322,20.237058639526367,0,101.67820048332214
94,2.316605186343193,0.27170269145816567,0.09457922992855311,0.049262586550787094,1.1244999525547028,24.296602249145508,0,100.99931573867798
95,2.304954433441162,0.2642399574648589,0.09350336151570082,0.04909774637967348,1.1244320907592773,31.409481048583984,0,100.1097207069397
96,2.3086733602285383,0.26278693923167884,0.09419753655791283,0.048847400611266495,1.1224609915018082,37.51244354248047,0,100.74220561981201
97,2.315360635638237,0.2606903037484735,0.09443777167052031,0.048400090912356974,1.1289824599027634,56.51286697387695,0,97.89645743370056
98,2.293611526250839,0.2706279744133353,0.09365038983523846,0.048641903098672626,1.1138981108367443,15.042957305908203,0,100.61834335327148
99,2.3191965234279635,0.2612946203108877,0.0935468042343855,0.04861882491782308,1.1406343556046485,25.6044864654541,0,100.50450944900513
